timestamp,tweet_text,username,all_hashtags,followers_count,location
2/12/20 5:39,b'good morning Manni https://t.co/T0SvxUvtHH https://t.co/MsGiWVIwMU',b'SyedSaa1',[],1376,thimphu bhutan
2/12/20 5:37,b'aint have nothing to rhyme about.',b'xtoastadox',[],232,Ha
2/12/20 5:35,b'good morning dear billi https://t.co/Ty4YS2M8qz https://t.co/jxnf3w5COd',b'SyedSaa1',[],1376,thimphu bhutan
2/12/20 5:33,b'good morning dear https://t.co/RXVus54qio https://t.co/sdKfFJ8O9i',b'SyedSaa1',[],1376,thimphu bhutan
2/12/20 5:14,b'@DorjiWangchuk Condition of footpath from NLC to Chubachu for last 3 months https://t.co/ry0NyGGcsU',b'Tobgay3',[],102,Thimphu
2/12/20 5:11,"b'@twentypermille Yes,Pichi Pichi.'",b'1liiiiiiiiiiii',[],1726,Saint-Louis-du-Ha! Ha!
2/12/20 4:40,"b'BBS Radio: ""Preamble of the Constitution of the Kingdom of Bhutan"" https://t.co/7T0AxADs9f'",b'BBSBhutan',[],48158,Thimphu
2/12/20 4:18,"b'National memorial of Bhutan #hrbilgipics #ilovebhutan @ Memorial Chorten, Thimphu https://t.co/fTDOrMOFb9'",b'hrbilgi',"['hrbilgipics', 'ilovebhutan']",489,"Dubai, United Arab Emirates"
2/12/20 4:00,"b'The present is us, The future is USAD \xf0\x9f\x8c\xb9 https://t.co/aN3FM2JrIF'",b'_SophiaLucman',[],1243,Ha
2/12/20 3:25,"b""Coronavirus vaccine could be ready in 18 months, WHO officials say: 'We are not defenseless'  https://t.co/vlEmDTOvfn""",b'gasebtandin',[],2278,"Thimphu, Bhutan"
2/12/20 3:07,b'good morning my \xda\x86\xd9\x88\xd8\xa6 \xd8\xb5\xd8\xa7\xd8\xa8 plz brush your beautiful teeth apply lotion on your beautiful hands n feet have glass of milk. https://t.co/rxsR2CdK2Z https://t.co/1ZTGqNdShD',b'SyedSaa1',[],1376,thimphu bhutan
2/12/20 2:56,"b""I do not mind the crazy people, it's the normal one that freaks me out! \xf0\x9f\x92\x99\xf0\x9f\x92\x99\xf0\x9f\x92\x99 https://t.co/IrRcTZCkPI""",b'BidhaChencho',[],24,paro bhutan
2/12/20 2:44,"b'my my, I should have done better.'",b'conan_ph',[],1226,Ha?
2/12/20 2:33,b'@_moon_queen_ @kpophappenings_ Exactly',b'_Scarlet_bunny',[],140,"thimphu, bhutan"
2/12/20 2:31,"b""My greatest beauty secret is being happy with myself. I don't use special creams or treatments - I'll use a little bit of everything. It's a mistake to think you are what you put on yourself. I believe that a lot of\xe2\x80\xa6 https://t.co/CgLCfkjkDn""",b'duptshering6',[],426,Bhutan
2/12/20 1:42,b'@djsnake @weareBellecour Bruh \xf0\x9f\x98\x82',b'Xiao920',[],66,"Thimphu, Bhutan"
2/12/20 1:36,b'@CarbinOfficial Times have changed bro. I feel you \xf0\x9f\x98\xa3',b'Xiao920',[],66,"Thimphu, Bhutan"
2/12/20 1:27,b'@tiesto Thank you for making music and inspiring youngsters like us \xe2\x9d\xa4\xef\xb8\x8f',b'Xiao920',[],66,"Thimphu, Bhutan"
2/12/20 1:05,b'@mono_hopeworld show me',b'artisttae_',[],2169,ʰᵃ ʰᵃ
2/12/20 0:57,b'@AishaLUMS  good morning my dear \xda\x86\xd9\x88\xd8\xa6 \xd8\xb5\xd8\xa7\xd8\xa8 please brush your beautiful teeth apply lotion on your beautiful hands n feet. have glass of milk. thankyou https://t.co/rrEnHsW3RJ',b'SyedSaa1',[],1376,thimphu bhutan
2/11/20 23:44,b'@jsphflrs You mean the year so far?',b'xtoastadox',[],232,Ha
2/11/20 23:10,b'unsay as a pren oy @athenaasantos \xf0\x9f\x98\x94 https://t.co/cAuKlciVeQ',b'_SophiaLucman',[],1243,Ha
2/11/20 23:08,b'women up',b'_SophiaLucman',[],1243,Ha
2/11/20 23:05,b'unsay lab report oy',b'_SophiaLucman',[],1243,Ha
2/11/20 22:48,b'There is no Moon like you',b'DiegoMharee',[],38,ha
2/11/20 22:47,b'@bernardlea9 @AliThr3 @HugoGlt1 Impec',b'AlbanT10',[],469,ha
2/11/20 22:32,"b'""I wonder why I tear myself down, only to be build back up again""'",b'rowsmn',[],88,ha
2/11/20 21:26,"b'@Swittiwa So many people misunderstood this woman. She was honest and sincere. What you saw was what you got. No masks no pretence. She reminds you of your many moms in the ""real Nigeria"" not totally educated but would not play with issues that concerned their children. Sad.'",b'okolikobaje',[],51,HA
2/11/20 21:24,"b""@TheCxLx We wouldn't have met.""",b'xtoastadox',[],232,Ha
2/11/20 21:10,b'I have tickets for the El Paso date. Get some tickets. Get some kisses. #OntheDeadMoose. https://t.co/uaA3AIRPvX',b'xtoastadox',['OntheDeadMoose'],232,Ha
2/11/20 20:56,"b""bad rose, don't confuse yourself with the feelings that are being shown. tangina mo wag kang marupOk""",b'rowsmn',[],88,ha
2/11/20 20:54,b'my friend is amazing everyone please support him\xf0\x9f\xa5\xba hes doing so good https://t.co/WtIzelea7o',b'artisttae_',[],2169,ʰᵃ ʰᵃ
2/11/20 20:45,"b""@GianMorteI But i didn't want u to cry :(((((""",b'rowsmn',[],88,ha
2/11/20 19:59,b'Kim k is doing my dream prison reform job',b'nlms1x',[],984,HA
2/11/20 19:24,b'defence https://t.co/zBX52lkP39',b'SyedSaa1',[],1376,thimphu bhutan
2/11/20 19:24,b'which gun you prefer https://t.co/Jq4NSQe7Su https://t.co/b9OfaGKdcw',b'SyedSaa1',[],1376,thimphu bhutan
2/11/20 19:16,b'boy fucker ho? https://t.co/NPtZlMWpmo',b'SyedSaa1',[],1376,thimphu bhutan
2/11/20 19:09,b'yes I m https://t.co/RC5ywGOqbU https://t.co/WNOQNVKsUB',b'SyedSaa1',[],1376,thimphu bhutan
2/11/20 19:00,b'beautiful https://t.co/kyiaEtYlrk',b'SyedSaa1',[],1376,thimphu bhutan
2/11/20 18:35,b'Clean copies: https://t.co/fB059iYimK',b'NayeonsBigHands',[],657,hA
2/11/20 18:05,b'yes I smoke pipe some time Sheesha https://t.co/ldUxxfLK3g https://t.co/5rzxHLScZW',b'SyedSaa1',[],1376,thimphu bhutan
2/11/20 18:00,"b""Just entering retirement? Here's what you need to know. https://t.co/W9lj9Kehtg""",b'StratosWealthAG',[],46,Ha
2/11/20 17:58,b'@Toaster_Labrys Sir pls',b'Xeffyy',[],132,ha
2/11/20 17:28,b'good night my \xda\x86\xd9\x88\xd8\xa6 \xd8\xb5\xd8\xa7\xd8\xa8 https://t.co/f8ysvH1M3m https://t.co/q5OyS7WEAk',b'SyedSaa1',[],1376,thimphu bhutan
2/11/20 17:13,"b'The National Dress of \xf0\x9f\x87\xa7\xf0\x9f\x87\xb9  \xe2\x80\x9cGho\xe2\x80\x9d A country where your growth and prosperity is measured by your happiness, the GNH, \xe2\x80\x9cGross National Happiness\xe2\x80\x9d. #gho #bhutan #bhutantravel #bhutantourism #thimpu #thimpubhutan\xe2\x80\xa6 https://t.co/EvwCN31D88'",b'iamatulv',"['gho', 'bhutan', 'bhutantravel', 'bhutantourism', 'thimpu', 'thimpubhutan']",67,"New Delhi, India"
2/11/20 16:58,b'@AishaLUMS  good night my \xda\x86\xd9\x88\xd8\xa6 \xd8\xb5\xd8\xa7\xd8\xa8 enjoy beautiful weather have tastey dinner cu you tomorrow if I alive https://t.co/w2f8BpntzF',b'SyedSaa1',[],1376,thimphu bhutan
2/11/20 16:47,b'@KreekCraft @asimo3089 @badccvoid @VeD_DeV @HelloItsVG @MyUsernamesThis @AlvinBlox @LordJurrd How many of you think that Island Royale is BETTER than Strucid ( like = yes )',b'uchiha_soma',[],4,"Thimphu, Bhutan"
2/11/20 16:42,"b'O Dear Himalaya\xe2\x80\xa6 Why are you so amazing, Can I kiss your peak or can I just let your silence speak. ~Santosh Kalwar #hrbilgipics @ Paro Valley https://t.co/R8qYthsuAU'",b'hrbilgi',['hrbilgipics'],489,"Dubai, United Arab Emirates"
2/11/20 16:40,b'@yeeebey It\xe2\x80\x99s calm it\xe2\x80\x99ll make the flight faster lol',b'nlms1x',[],984,HA
2/11/20 16:33,b'I need to fly out coz what\xe2\x80\x99s this weather pls https://t.co/K7VcU7k0nL',b'nlms1x',[],984,HA
2/11/20 16:30,b'@DrewtreeDrums The hell is a casserole?',b'xtoastadox',[],232,Ha
2/11/20 16:27,"b""This why it's hard for me to understand why black ppl will procreate with white ppl. https://t.co/0X8zHOxSvC""",b'ajhanee09',[],354,Ha
2/11/20 16:07,b'@tweesh I always liked it @tweesh. I was estatic. I was happy for you.',b'sandeeps13',[],270,Thimphu.
2/11/20 16:00,b'It is Winter in #Bhutan! This is a beautiful season to visit.  #Season #Bhutan #MyBhutan https://t.co/rZ7Q6rxLB4',b'MyBhutan',"['Bhutan', 'Season', 'Bhutan', 'MyBhutan']",935,"Thimphu, Bhutan"
2/11/20 15:47,"b""@simvuu_ Yeah, Let's hope so.""",b'Sallymathole',[],223,Pbh
2/11/20 15:46,b'Them technical ass niggas will say d pad but you really know yo ass will get whooped with that joy stick https://t.co/0REe4WsidX',b'ajhanee09',[],354,Ha
2/11/20 15:45,b'Bidding farewell to one of our good friends Yoichiro Ishihara of World Bank who is now moving to Lesotho WB office. https://t.co/Gq3HIGC6y5',b'ShaTashiDorji',[],976,"Wangdue Phodrang, Bhutan"
2/11/20 15:42,b'@simvuu_ @uQondokuhle Same here',b'Sallymathole',[],223,Pbh
2/11/20 15:24,"b""@m8n_dust Me everytime i see u, but tears don't fall""",b'DiegoMharee',[],38,ha
2/11/20 15:23,b'i feel sad without having any reason at all. idk.',b'jeaaanrodriguez',[],332,ha
2/11/20 15:12,"b""Missin' uuuuuu""",b'cathhnsn',[],174,hA
2/11/20 15:01,b'\xf0\x9f\x98\xba\xe2\x9c\x8f \xe2\x80\x94 Hatdog https://t.co/KiR4RSI7df',b'cathhnsn',[],174,hA
2/11/20 14:56,b'I read my horoscope last night and started crying',b'nlms1x',[],984,HA
2/11/20 14:51,b'Lmfaooo dis so funny \xf0\x9f\x98\x86 https://t.co/T1Y4JXMgwa',b'NishnabeQue',[],382,Benny HA HA
2/11/20 14:44,b'@WillGlenwright Congratulations to all the Members Countries\xf0\x9f\x91\x8f\xf0\x9f\x91\x8f\xf0\x9f\x91\x8f',b'ugyen',[],136,"Thimphu, Bhutan"
2/11/20 14:35,b'welcome dear chili mili I was on byroad tour of Pakistan https://t.co/zicT2K51fY https://t.co/fMgXkbeluD',b'SyedSaa1',[],1376,thimphu bhutan
2/11/20 14:27,b'9 family members infected with coronavirus after sharing hot pot meal  https://t.co/MhXbjcr6r2',b'gasebtandin',[],2278,"Thimphu, Bhutan"
2/11/20 14:25,"b""@cohanmacherie She's not blood""",b'DiegoMharee',[],38,ha
2/11/20 14:24,b'@MissWorld_2020 thanks dear',b'SyedSaa1',[],1376,thimphu bhutan
2/11/20 14:20,b'SORRY https://t.co/3z3355uftT',b'SyedSaa1',[],1376,thimphu bhutan
2/11/20 14:19,b'my PAF is amazing https://t.co/5ZGxwaczI1',b'SyedSaa1',[],1376,thimphu bhutan
2/11/20 14:10,"b""Delhi Election Results 2020: Arvind Kejriwal's Gold Rush -- 62 Of 70 Seats In Delhi https://t.co/EENv404k6g""",b'gasebtandin',[],2278,"Thimphu, Bhutan"
2/11/20 14:04,b'Hatdog https://t.co/X2FkfeIQZ8',b'cathhnsn',[],174,hA
2/11/20 14:00,b'beauty in blouse https://t.co/stPjfhdNcs',b'SyedSaa1',[],1376,thimphu bhutan
2/11/20 13:58,b'beauty in blouse https://t.co/68MSNFhq4V',b'SyedSaa1',[],1376,thimphu bhutan
2/11/20 13:20,b'menu thay do https://t.co/a2gASfob2n',b'SyedSaa1',[],1376,thimphu bhutan
2/11/20 13:05,b'@Lunafeet_ suckable black color',b'SyedSaa1',[],1376,thimphu bhutan
2/11/20 12:47,"b""my walis tingting can't relate :((( https://t.co/2tzNcUyWuQ""",b'_SophiaLucman',[],1243,Ha
2/11/20 12:42,b'good evening dear https://t.co/4UyM8C958W https://t.co/p39E5WiMKW',b'SyedSaa1',[],1376,thimphu bhutan
2/11/20 12:41,b'awiieee https://t.co/1ccbqeKxfY',b'jchmmrii',[],75,ha? 
2/11/20 12:29,b'@IGN A2 and ... only got 1 game on xbox @masseffect 1',b'c_limbi',[],33,Ha!!
2/11/20 12:19,"b""I know that Aidan reads his indirects so I don't give a sh*t if he sees this!""",b'beetleramona',[],46,Ha
2/11/20 12:18,"b""Who TF made this fancast? Aidan Gallagher as Damian!?? HELL NO! I WILL NEVER WATCH BATMAN IF HE'S ONE OF THE CAST! https://t.co/UmtGRqDfM7""",b'beetleramona',[],46,Ha
2/11/20 12:17,b'Header\xe2\x9d\xa4\xef\xb8\x8f',b'_jewelirish',[],128,ha
2/11/20 12:14,b'Loved the engineering of this cantilever bridge #hrbilgipics #ilovebhutan @ National Museum of Bhutan https://t.co/uZER0afGwr',b'hrbilgi',"['hrbilgipics', 'ilovebhutan']",489,"Dubai, United Arab Emirates"
2/11/20 12:12,b'u are not exempted to do so',b'jhatesyu',[],0,
2/11/20 12:05,b'; a lot better',b'jhatesyu',[],0,
2/11/20 12:05,b'temporary bitch',b'jhatesyu',[],0,
2/11/20 12:04,"b'i like doing midfings, they make me feel better'",b'jhatesyu',[],0,
2/11/20 12:03,"b'The Ministry is pleased to announce the selection interview result for the post of Driver III, O4 A under JWS, JDNP and Gedu Division, Department of Forests and Park Services on consolidated contract for an initial period of 3 years https://t.co/2dSovjnUCM'",b'moafbhutan',[],410,"Thimphu, Bhutan"
2/11/20 12:03,b'*claps in confusion*',b'jhatesyu',[],0,
2/11/20 12:02,b'two moods https://t.co/q407kqDmI0',b'jhatesyu',[],0,
2/11/20 12:02,"b'The National Highland Research &amp; Development Center (NHR&amp;DC-Jakar), DoL, MoAF, Bumthang is pleased to announce the vacancy for the following ESP posts https://t.co/Yac0LjzEU9'",b'moafbhutan',[],410,"Thimphu, Bhutan"
2/11/20 12:01,b'Vacancy for ESP  https://t.co/nuIagwM46W',b'moafbhutan',[],410,"Thimphu, Bhutan"
2/11/20 11:43,b'Sana all heart',b'cathhnsn',[],174,hA
2/11/20 11:31,"b'Study and application facilitate your personal growth today, s... More for Capricorn https://t.co/p6mL9a2MGB'",b'yiwangpindarica',[],6938,"Thimphu, Bhutan"
2/11/20 11:06,b'@xcharlottethfc Followed',b'phuzinspurs',[],1301,Thimphu
2/11/20 10:35,b'#BJP routed in #Delhi election https://t.co/wI2rFb0jUY',b'jamja79',"['BJP', 'Delhi']",494,"Thimphu, Bhutan"
2/11/20 10:05,b'@RaccoonBaboon @TheCactusBois @VernandoGames @Rainbowmaniacs1 Oh Okay.. gonna play WC soon',b'uchiha_soma',[],4,"Thimphu, Bhutan"
2/11/20 10:02,b'Happy 23rd Birthday Park Chaeyoung\xf0\x9f\x92\x99 https://t.co/vsttTmYIDw',b'KYangdeyy',[],96,"Thimphu,Bhutan"
2/11/20 10:00,b'more blouse https://t.co/7NVQbUAjQS',b'SyedSaa1',[],1376,thimphu bhutan
2/11/20 9:59,b'beautiful blouse https://t.co/DZBKQnccE0',b'SyedSaa1',[],1376,thimphu bhutan
2/11/20 9:43,"b'RESPECT &amp; WORSHIP to Yuji Nishida, the extraordinary Japanese volleyball player. I\xe2\x80\x99m starting to like volleyball because of his heroics. Totally a godsend! https://t.co/MO1XWRJEiX'",b'Khampaa',[],3846,Thimphu-Bhutan
2/11/20 9:40,b'Condition of most used footpath from NLC office to Chubachu  roundabout for whole winter. https://t.co/mDLqVmZlw2',b'Tobgay3',[],102,Thimphu
2/11/20 9:31,b'Multiple strategies in place to tackle youth unemployment https://t.co/u8JoYvQ7yZ https://t.co/6NlBgEH0nZ',b'business_bhutan',[],9428,Thimphu Bhutan
2/11/20 9:25,b'Woman acquitted of statutory rape https://t.co/JTjIiEKMCX',b'business_bhutan',[],9428,Thimphu Bhutan
2/11/20 9:21,b'Moratorium on construction of houses in Dzongkhag towns to be lifted after LAPs https://t.co/R6MqzHY5VK https://t.co/7oTayZiMcl',b'business_bhutan',[],9428,Thimphu Bhutan
2/11/20 9:13,"b""hold on, If i'm not first, then I best be last.""",b'rowsmn',[],88,ha
2/11/20 9:13,b'Government plans to lower interest rate for rural people https://t.co/MeSqc95yuk https://t.co/3Vhkct0fYG',b'business_bhutan',[],9428,Thimphu Bhutan
2/11/20 9:08,b'@MostHatedMonty @MakoMellow done',b'uchiha_soma',[],4,"Thimphu, Bhutan"
2/11/20 9:07,"b""@midbummar I'll read it. Send it to me""",b'samosa_sasta',[],25,Timbu
2/11/20 9:01,b'Editorial: Our Views &amp; Perspectives Corono virus: Be prepared https://t.co/ibfGHghEDx https://t.co/dS5trleDqL',b'business_bhutan',[],9428,Thimphu Bhutan
2/11/20 8:48,b'yes break very badly https://t.co/2RdXzsg9VX',b'SyedSaa1',[],1376,thimphu bhutan
2/11/20 8:28,b'beautiful in blouse https://t.co/62NUZIgjSr',b'SyedSaa1',[],1376,thimphu bhutan
2/11/20 8:08,b'@Coach_DKC @jfinchdkc Lacelocks were involved. HOW DOES ONE GET JUKED OUT THE DAMN LACELOCKS? HOW SWAY?',b'xtoastadox',[],232,Ha
2/11/20 8:04,b'@ctrl__music On the insides of the finger? Think about it.',b'xtoastadox',[],232,Ha
2/11/20 8:02,"b'You are in your own element, making good use of today\xe2\x80\x99s Earth ... More for Virgo https://t.co/ytH6jMhay1'",b'czdorji',[],2216,"thimphu, bhutan"
2/11/20 8:01,b'You take the lead today when the expressive Moon squares Mars ... More for Sagittarius https://t.co/FfKav1h4Nc',b'kintsho_bht',[],28,Thimphu
2/11/20 8:01,b'Today you know the truth in your bones and long to share it wi... More for Taurus https://t.co/EECfQYA8HL',b'cixx67',[],1492,"Thimphu, Bhutan"
2/11/20 8:00,b'Proximity to a dear friend has become increasingly claustropho... More for Pisces https://t.co/uojyhA9mo8',b'LobzangYeshey1',[],301,"Thimphu, Bhutan"
2/11/20 7:25,"b'\xf0\x9d\x97\xa5\xf0\x9d\x97\xb2\xf0\x9d\x97\xb0\xf0\x9d\x97\xb5\xf0\x9d\x97\xae\xf0\x9d\x97\xbf\xf0\x9d\x97\xb4\xf0\x9d\x97\xb6\xf0\x9d\x97\xbb\xf0\x9d\x97\xb4 \xf0\x9d\x98\x86\xf0\x9d\x97\xbc\xf0\x9d\x98\x82\xf0\x9d\x97\xbf \xf0\x9d\x97\xbb\xf0\x9d\x98\x82\xf0\x9d\x97\xba\xf0\x9d\x97\xaf\xf0\x9d\x97\xb2\xf0\x9d\x97\xbf \xf0\x9d\x97\xb7\xf0\x9d\x98\x82\xf0\x9d\x98\x80\xf0\x9d\x98\x81 \xf0\x9d\x97\xb4\xf0\x9d\x97\xbc\xf0\x9d\x98\x81 \xf0\x9d\x97\xb2\xf0\x9d\x97\xae\xf0\x9d\x98\x80\xf0\x9d\x97\xb6\xf0\x9d\x97\xb2\xf0\x9d\x97\xbf! Download MyTashiCell App and recharge any number using your bank account. Now available in Google and Apple Store.  For more info, call 7700 \xf0\x9f\x93\x9e T&amp;C apply* #TashiCell https://t.co/Lbfi6SXKE5'",b'TashiCell',['TashiCell'],1632,Thimphu
2/11/20 7:18,b'God bless you https://t.co/vRxy3fMpWf',b'SyedSaa1',[],1376,thimphu bhutan
2/11/20 7:14,b'GOOD MORNING DEAR JOAN https://t.co/wJLVGNJz3U https://t.co/MVHYycnD28',b'SyedSaa1',[],1376,thimphu bhutan
2/11/20 7:11,"b'Postponed ang foundation day, rip to all efforts and preparations &lt;/3'",b'conan_ph',[],1226,Ha?
2/11/20 6:40,"b'@AchuKhegpa Wheelchair unfriendly too. Expensive, avoidable mistakes'",b'tsnamgyal',[],21,"Thimphu, Bhutan"
2/11/20 6:30,b'Sun \xe2\x98\x80\xef\xb8\x8f day- pool day https://t.co/PXPkAwDbk0',b'KuenzangL',[],205,Thimphu
2/11/20 6:14,b'My goal is to do the splits by my birthday @alexi_gathman',b'corievanorder',[],579,ha ha
2/11/20 5:37,b'Drivers mighty might https://t.co/Mvy5XWU7oQ',b'yogeshdahal',[],195,"Bhutan, Thimphu"
2/11/20 5:29,"b""what are you expecting for valentines?  1.) friends 2.) chocolates 3.)  4.) no 5.) handwritten letter 6.) what's that 7.) yas 8.) sleep &amp; eat 9.) single 10.)   \xe2\x9d\xa4\xef\xb8\x8f for qs !!!""",b'jchmmrii',[],75,ha? 
2/11/20 5:07,"b'Regional Conference Resilient Healthcare System for better management of Bio-medical waste, Antimicrobial Resistance and Climate\xc2\xa0Change https://t.co/2IBUuxlUfC https://t.co/tCRKEw3vbc'",b'umsb123',[],46,"Thimphu, Bhutan"
2/11/20 5:02,b'I slept on Denzel Curry tooo long bruh',b'crackopenaDrew',[],32,The great white north baby 
2/11/20 4:26,b'Presentation on SMEs In Bhutan -  ppt download https://t.co/aaGyVcnvh9',b'sanrigs858',[],63,punakha
2/11/20 4:25,b'@ghost_fpl Name of the country is Bhutan',b'DeependraKoira5',[],5,"Thimphu, Bhutan "
2/11/20 4:23,"b'Photo by Mahendra Timsina | The great hornbill also known as the concave-casqued hornbill, great Indian hornbill or great pied hornbill, is one of the larger members of the hornbill family.  #birdwatching#wildlife_photography#conserve_beautiful earth #acholala_tours_and_travels https://t.co/0qGIa106g9'",b'AcholalaT',['acholala_tours_and_travels'],9,Thimphu Bhutan 
2/11/20 4:21,"b'In light of the outbreak of Coronavirus in China and its spread to other countries, the Ministry of Information and Communications hereby issues the travel advisory to the general public. Click here for more https://t.co/BcuYQflgY2 https://t.co/m0x31H6vNK'",b'moafbhutan',[],410,"Thimphu, Bhutan"
2/11/20 4:19,b'Leaving my love behind// Lewis Capaldi',b'cheenamaeeee',[],202,ha
2/11/20 4:17,b'Twenty one livestock extension staffs from Sarpang and Dagana are attending a refresher course on Artificial Insemination (AI) and reproductive biotechnology https://t.co/V2Vp6uFBz5 https://t.co/V5p48nuBeB',b'moafbhutan',[],410,"Thimphu, Bhutan"
2/11/20 4:14,b'Tsirang inaugurates a model poultry layer farm with a capacity of 500 birds was inaugurated at Pelrithang of Gosarling gewog on 7 February https://t.co/Ot2795MQLW https://t.co/a4FKX5Cm5r',b'moafbhutan',[],410,"Thimphu, Bhutan"
2/11/20 4:09,"b'The Royal Civil Service Commission is pleased to inform that the Review Phase deadline in the Max Online System for the civil servants following the financial year is extended to February 21, 2020 to enable the employees to complete the review of IWP https://t.co/ajNSfHgBw3'",b'moafbhutan',[],410,"Thimphu, Bhutan"
2/11/20 4:09,b'Tender Quotation for Vehicle Rental Service  https://t.co/GM84V4t9QZ',b'moafbhutan',[],410,"Thimphu, Bhutan"
2/11/20 4:08,b'The MoAF would like to invite proposal from interested and eligible Bhutanese Consultancy Firm for Conducting Techno-economic feasibility study to develop a Cold Chain Logistics system for Organic Vegetables under DAMC  https://t.co/remiRg7lHx',b'moafbhutan',[],410,"Thimphu, Bhutan"
2/11/20 4:06,b'Shortlisted candidates for Advisor and Specialist Head  https://t.co/M9QM6CzFhg',b'moafbhutan',[],410,"Thimphu, Bhutan"
2/11/20 3:36,b'Tour of the Dragon above the clouds https://t.co/iNtbMuDrlq via @TTR Weekly',b'Chhimmy',[],1665,Thimphu
2/11/20 3:34,b'What Bhutan can learn from Delhi\xe2\x80\x99s education reform by AAP government (Big lesson to our political parties as well). So far our story has been an eye-wash. We need concrete statistics of palpable change. Not rash and rushed policies. https://t.co/JAkPSYduQs',b'Khampaa',[],3846,Thimphu-Bhutan
2/11/20 3:24,"b""@FamedChris What can I do after hacking MadCity scripts ? Cause I've done that already\xf0\x9f\x98\x8e""",b'uchiha_soma',[],4,"Thimphu, Bhutan"
2/11/20 3:14,b'Just posted a photo https://t.co/DwBdZUXwQz',b'NishnabeQue',[],382,Benny HA HA
2/11/20 2:56,"b""@MUSTDIEmusic Bro, what's the name of your sample packs? I really need it.""",b'Xiao920',[],66,"Thimphu, Bhutan"
2/11/20 2:54,b'@OfficialRezz Good Morning Rezz',b'Xiao920',[],66,"Thimphu, Bhutan"
2/11/20 2:51,b'@SPAGHEDDY Happy Tuesday bro \xf0\x9f\x99\x82',b'Xiao920',[],66,"Thimphu, Bhutan"
2/11/20 2:44,b'She wanna get blasted in the face by my mount wannahockaloogie no what I\xe2\x80\x99m sayin\xe2\x80\x99 ?',b'crackopenaDrew',[],32,The great white north baby 
2/11/20 2:40,b'Scientists race to develop vaccine for new coronavirus https://t.co/RQ57quYWJ9',b'gasebtandin',[],2278,"Thimphu, Bhutan"
2/11/20 2:38,"b'China coronavirus death toll breaches 1,000 https://t.co/qLppKCLu2S'",b'gasebtandin',[],2278,"Thimphu, Bhutan"
2/11/20 2:33,"b'@icewrst @satia__ Not this tweet wild cause nigga said a ""Kathroom""'",b'ajhanee09',[],354,Ha
2/11/20 2:20,b'miss u https://t.co/OAu8Eo8gcD',b'032801Y',[],14,4311 in the calculator
2/11/20 2:10,b'Important election results from Delhi state elections today that will be a barometer on mood of Indian public &amp; have an impact on Indian politics at the national level.  Delhi should ideally be BJP\xe2\x80\x99s hunting grounds with huge Hindu middle class &amp; trader population.  #DelhiResults',b'TenzingLamsang',['DelhiResults'],18620,"Thimphu, Bhutan."
2/11/20 2:07,b'I wish my brain would stop overthinking at night',b'nlms1x',[],984,HA
2/11/20 1:41,b'good morning \xda\x86\xd9\x88\xd8\xa6 \xd8\xb5\xd8\xa7\xd8\xa8 pls brush your beautiful teeth pls have glass of milk thank you https://t.co/6mPVkGHjMV https://t.co/o70YRuVHGt',b'SyedSaa1',[],1376,thimphu bhutan
2/11/20 1:39,"b'What about this, if you are surrounded by negative people.  Change your water... Change your life. @ Thimphu, Bhutan https://t.co/QmzsYCWJCW'",b'MasterTshewang',[],145,Bhutan
2/11/20 1:09,b'U can\xe2\x80\x99t take yourself 2 seriously 247. U will die lol',b'nlms1x',[],984,HA
2/11/20 0:56,b'@Dezzydoesit_ @Daddy_Warbuxxx Why you tweeting reckless in the first place?',b'ajhanee09',[],354,Ha
2/11/20 0:56,"b'If it\xe2\x80\x99s not physically written in my calendar, it\xe2\x80\x99s not happening'",b'nlms1x',[],984,HA
2/11/20 0:55,b'I\xe2\x80\x99m really so old at heart',b'nlms1x',[],984,HA
2/11/20 0:01,b'YALL NASA was not playing bruh \xf0\x9f\x92\x80\xf0\x9f\x92\x80\xf0\x9f\x92\x80 https://t.co/wDjyoNpbzU',b'ajhanee09',[],354,Ha
2/10/20 23:36,b'@AishaLUMS  very good morning dear \xda\x86\xd9\x88\xd8\xa6 \xd8\xb5\xd8\xa7\xd8\xa8\xdb\x94 https://t.co/9W2mvdk8jV',b'SyedSaa1',[],1376,thimphu bhutan
2/10/20 23:35,b'@suzehanfy @NathanDawe Ugh exciting times ahead!!',b'nlms1x',[],984,HA
2/10/20 23:24,b'@AishaLUMS  good morning \xda\x86\xd9\x88\xd8\xa6 \xd8\xb5\xd8\xa7\xd8\xa8\xdb\x94 plz brush your beautiful teeth apply lotion on your hands and beautiful feet. have glass of milk. https://t.co/fXmQli1SwP',b'SyedSaa1',[],1376,thimphu bhutan
2/10/20 23:18,"b""you know I'll sayyyyyy""",b'jchmmrii',[],75,ha? 
2/10/20 23:08,b'goosebumps \xf0\x9f\x98\xb3 https://t.co/EzwRUyCsD0',b'jchmmrii',[],75,ha? 
2/10/20 23:02,b'The coronavirus is likely to have a bigger economic impact than previous outbreaks thanks to a rapidly growing Chinese economy and its deeper commercial ties to the U.S. https://t.co/hoxRCHco90 https://t.co/bEuxlpH5lV',b'StratosWealthAG',[],46,Ha
2/10/20 21:59,"b'Lady said ""I love your height and you just so pretty and one day you gon find your self a nice tall man. Good luck to ya"" Ma\'am, if I may, I am the nice tall man.'",b'ajhanee09',[],354,Ha
2/10/20 21:54,b'@ctrl__music Finger tattoos fade my boy.',b'xtoastadox',[],232,Ha
2/10/20 21:50,b'@homothexual Gotta wait a year but government handouts are government handouts ya feel?',b'crackopenaDrew',[],32,The great white north baby 
2/10/20 21:47,b'#LoveIsland Luke M cannot go home\xf0\x9f\x98\xad\xf0\x9f\x98\xad',b'ellielairddx',['LoveIsland'],5,ha
2/10/20 21:39,b'Now that I\xe2\x80\x99m finally done exams I can actually go back to perfecting them tiktok dances in peace \xf0\x9f\x98\xa4',b'ykaterh',[],551,HA
2/10/20 21:11,b'Make it rain on a bitch that\xe2\x80\x99s how you water hoes',b'crackopenaDrew',[],32,The great white north baby 
2/10/20 21:03,b'siannise really be sitting people up on these dates #loveisland',b'ellielairddx',['loveisland'],5,ha
2/10/20 20:27,b'@viii_xiiu96 idk... its pretty rough but ill try again if it means i can eat that',b'artisttae_',[],2169,ʰᵃ ʰᵃ
2/10/20 20:26,b'@SENSULITAE \xf0\x9f\x91\x80 prettyyyy',b'artisttae_',[],2169,ʰᵃ ʰᵃ
2/10/20 20:25,b'@mono_hopeworld WHY HE ASKINGNFJDKF',b'artisttae_',[],2169,ʰᵃ ʰᵃ
2/10/20 20:22,"b""@viii_xiiu96 i don't want my hand anymore. i cant learn you saw what happened""",b'artisttae_',[],2169,ʰᵃ ʰᵃ
2/10/20 20:21,b'@viii_xiiu96 watch me.',b'artisttae_',[],2169,ʰᵃ ʰᵃ
2/10/20 20:20,b'@viii_xiiu96 yikes and stop bullying me im proud of my way of using them \xf0\x9f\x98\x8c ill have a pocket fork handy',b'artisttae_',[],2169,ʰᵃ ʰᵃ
2/10/20 20:18,"b""@viii_xiiu96 wait  that looks so good I've never had any of it""",b'artisttae_',[],2169,ʰᵃ ʰᵃ
2/10/20 20:16,b'Outta all the parties I been to not one mf played the cha cha slide. Do you know how live the mf woulda been? \xf0\x9f\x92\x80',b'ajhanee09',[],354,Ha
2/10/20 20:14,"b""@Power_STARZ you really f'd up a great series .....that ending B pls""",b'c_limbi',[],33,Ha!!
2/10/20 19:56,b'trust the healing process',b'jhatesyu',[],0,
2/10/20 19:52,b'i miss yoUUUUUU \xe2\x98\xb9\xef\xb8\x8f https://t.co/kJF2GE8C90',b'jhatesyu',[],0,
2/10/20 19:24,"b""@AnnBarto22 I get a fair share I'll send you screenshots""",b'zaynwaell',[],28,Ha
2/10/20 19:20,"b""You know what's worst than fishing for compliments???? POSTING THE ONES YOU GET\xf0\x9f\x98\xa4\xf0\x9f\x98\xa4\xf0\x9f\x98\xa4  ~don't be that person~""",b'zaynwaell',[],28,Ha
2/10/20 19:08,b'All these cute HofCB Valentine dresses but I have no valentine. @Conna_Walker will u be my valentine?',b'nlms1x',[],984,HA
2/10/20 18:57,b'One of the greatest to ever do it https://t.co/ACC8UfYs34',b'nlms1x',[],984,HA
2/10/20 18:54,b'beauties in Saree https://t.co/oIh3c9kq46',b'SyedSaa1',[],1376,thimphu bhutan
2/10/20 18:44,b'i m also from Karachi https://t.co/KYnZQhrJPM',b'SyedSaa1',[],1376,thimphu bhutan
2/10/20 18:36,b'My hyper rational and clinical thinking has got me to a trouble or two.',b'sandeeps13',[],270,Thimphu.
2/10/20 18:12,b'my pet my TowTow https://t.co/75Jmzin1OE https://t.co/tOb3thb18a',b'SyedSaa1',[],1376,thimphu bhutan
2/10/20 18:10,b'good night Aliya sweet dreams https://t.co/AFy6Q7L26z https://t.co/kEMIzv84S5',b'SyedSaa1',[],1376,thimphu bhutan
2/10/20 18:05,b'guys follow my bts dedicated art acc???2 \xf0\x9f\xa5\xba https://t.co/tlW8irpElv',b'artisttae_',[],2169,ʰᵃ ʰᵃ
2/10/20 17:52,b'@ghost_fpl From Bhutan in the city of Thimphu',b'DeependraKoira5',[],5,"Thimphu, Bhutan "
2/10/20 17:28,b'regarding? https://t.co/1cLapaaRln',b'SyedSaa1',[],1376,thimphu bhutan
2/10/20 17:28,b'good night https://t.co/eJZDb7V1wm https://t.co/dVQqkG1pWy',b'SyedSaa1',[],1376,thimphu bhutan
2/10/20 17:03,"b'Hey @BeefySmashDoods, what happens when 8 people tether to the ledge?'",b'TheTurdBird',[],2,Ha
2/10/20 16:18,b'@_Savage__Boi @theydeadinside not surprised',b'densecancer',[],0,ha
2/10/20 16:09,b'char',b'jhatesyu',[],0,
2/10/20 16:08,"b""well, I guess it's not enough.""",b'loooreeynn',[],52,ha?
2/10/20 16:00,"b""This week's featured accommodation is Mountain Lodge, located in Bumthang.  Rent accommodations in Bhutan here: https://t.co/9TkCjTCxiG  Leave a comment below with which district in #Bhutan you\xe2\x80\x99d like to see the next Accommodation of the Week!  #MyBhutanAccommodations https://t.co/dmVxTShSz3""",b'MyBhutan',"['Bhutan', 'MyBhutanAccommodations']",935,"Thimphu, Bhutan"
2/10/20 15:44,b'Little old me',b'nlms1x',[],984,HA
2/10/20 15:44,b'Can\xe2\x80\x99t believe I\xe2\x80\x99ve been asked to write an article for our magazine for 2000 of the largest charities',b'nlms1x',[],984,HA
2/10/20 15:24,"b""Valentine Hints!  1. Yeps 2. Ofc 3. 1 4. ? 5. can't remember 6. argh no 7. Yeps 8. no 9.  10.  11. J 12. Lovely 13. A 14.  15. hope you're doing fine rn, I love you  \xe2\x9d\xa4 for the q's""",b'Francinejyde',[],67,ha?
2/10/20 14:37,b'Argh allergies sucks',b'magrata_ava',[],261,Ha
2/10/20 14:31,b'CDK is a sustainable fashion line that gives modern interpretation to traditional Bhutanese designs. CDK creates contemporary silhouettes using handloom fabrics with Bhutanese motifs and textile. Visit their store\xe2\x80\xa6 https://t.co/RFXSMj3bmC',b'duptshering6',[],426,Bhutan
2/10/20 14:28,b'@SchwiftyStudios I hacked madcity scripts haha',b'uchiha_soma',[],4,"Thimphu, Bhutan"
2/10/20 14:03,b'how can 2020 get any worse',b'_SophiaLucman',[],1243,Ha
2/10/20 13:49,"b'New episode of #GoodPracticesBhutan airs on BBS1, 5.30pm.   This time it\xe2\x80\x99s good practices in waste management inclucing personal tips ft.   @CleanBhutan au Nedup &amp; Greener Way \xe2\x80\x9ctrash man\xe2\x80\x9d Karma Yonten.   The show is brought to you by Perfect Enterprise. https://t.co/iqDuhdCghN'",b'namgayzam',['GoodPracticesBhutan'],20747,thimphu 
2/10/20 13:31,b'awittttt',b'jeonkenken',[],243,ha?
2/10/20 13:11,b'Did you know that from July 2020 the Bhutan Government will levy a surcharge of \xe2\x82\xb91200 per day for an Indian tourist in Bhutan. There already exists a $250 surcharge that is charged to all other foreign tourists which\xe2\x80\xa6 https://t.co/PGR3UYAS7V',b'Offbeat_Tracks',[],131,"Hyderabad, India"
2/10/20 12:53,"b'on vodka, beers &amp; regrets movie date pls'",b'_jmestoya',[],481,ha
2/10/20 12:45,b'y u so pretty?',b'DiegoMharee',[],38,ha
2/10/20 12:44,b'know ur worth',b'leeebaba',[],165,ha? 
2/10/20 12:42,b'Loved the vid. #JustinBieber - Intentions ft. Quavo https://t.co/TAHNWBwsmu via @YouTube',b'tenzinbhutan',['JustinBieber'],119,"Thimphu, Bhutan"
2/10/20 12:41,b'@kthmrtc miss u\xf0\x9f\x98\xa1',b'acymanuell',[],185,ha
2/10/20 12:38,"b""Please don't.. https://t.co/VJIg35kYl5""",b'DiegoMharee',[],38,ha
2/10/20 12:33,b'Everytime I look at that beautiful face.. I wanna--- https://t.co/F2IJOgNoEi',b'DiegoMharee',[],38,ha
2/10/20 12:27,b'happy 14th gorl https://t.co/QuOTfw2l4J',b'hesmiey',[],218,ha
2/10/20 11:53,b'Love this kind of players https://t.co/jX6eqTpORL',b'DiegoMharee',[],38,ha
2/10/20 11:43,"b""something I'd watch tbh https://t.co/9Gryg6nTpR""",b'densecancer',[],0,ha
2/10/20 11:42,"b'2/2   So even if you have none of the above, be grateful that you have the greatest prize and treasure above all in your family.  P.S- Took longer than usual to write this with my 4-yr old riding my neck and trying all his wrestling moves on me.'",b'TenzingLamsang',[],18620,"Thimphu, Bhutan."
2/10/20 11:41,"b'1/2   One thing about the Oscars that always gets me.   The winners have achieved the golden trifecta of fame, professional excellence and wealth, but the heart of their thank you speech mostly focuses on their family and how it is all for them.'",b'TenzingLamsang',[],18620,"Thimphu, Bhutan."
2/10/20 11:31,b'There is some tension between your need for security and a des... More for Capricorn https://t.co/p6mL9a2MGB',b'yiwangpindarica',[],6938,"Thimphu, Bhutan"
2/10/20 11:23,"b'"" When I was 17, my brother wrote this lyrics. He said, \'Run to the rescue of love-and peace will follow"", at Oscars 2020, Joaquin Phoenix'",b'WangdiKheta',[],135,Thimphu
2/10/20 11:18,b'Can\xe2\x80\x99t believe I wrote \xe2\x80\x9cyou lot\xe2\x80\x9d in a serious email',b'nlms1x',[],984,HA
2/10/20 11:15,b'.@PMBhutan explains the SDF levy &amp; BBIN stand in an interview with @suhasinih  https://t.co/P61x4XeTfU',b'TenzingLamsang',[],18620,"Thimphu, Bhutan."
2/10/20 10:52,b'regrets',b'ninooomiguel',[],171,ha?
2/10/20 10:50,"b'will shower and shave in a few hours. Also, where the hell did they hide the circuit breaker?'",b'xtoastadox',[],232,Ha
2/10/20 10:48,b'@eideliiine we luv u too\xf0\x9f\x98\x8a',b'marija_pie',[],248,ha
2/10/20 10:46,b'goodnight I love rv and izone',b'032801Y',[],14,4311 in the calculator
2/10/20 10:46,b'has a pair of NoSlips in the trunk of yon car.',b'xtoastadox',[],232,Ha
2/10/20 10:45,b'went on post twice tonight. The gate closures still suck.',b'xtoastadox',[],232,Ha
2/10/20 10:44,b'I cant typr im sorru',b'032801Y',[],14,4311 in the calculator
2/10/20 10:44,"b""my tweets are sht today Don't mind me""",b'032801Y',[],14,4311 in the calculator
2/10/20 10:41,b'Good job on this one govt \xf0\x9f\x91\x8f\xf0\x9f\x91\x8f. https://t.co/cm5GqKGgVi',b'TenzingLamsang',[],18620,"Thimphu, Bhutan."
2/10/20 10:36,b'die* my guardian angel is not surprised just disappointed',b'032801Y',[],14,4311 in the calculator
2/10/20 10:35,b'My guardian angel looking at God like this everyone I say how much I wanna fie https://t.co/5eoXMaLoVS',b'032801Y',[],14,4311 in the calculator
2/10/20 10:27,"b""I'm lost again""",b'_SophiaLucman',[],1243,Ha
2/10/20 10:26,b'How can u anger me so early in the morning',b'nlms1x',[],984,HA
2/10/20 10:10,"b""I shouldn't test with limitations.. Or should I?""",b'rowsmn',[],88,ha
2/10/20 9:47,"b'If China would accept me, I want to go there with some rice, cow butter, some firewood and a match box. May the boarder police allow me in.  I am a science teacher but for a short period I am a fire ritualist.  If I return, that will be when Corona virus is eradicated.'",b'ragusubedi',[],1010,Thimphu; Bhutan
2/10/20 9:14,"b'The Bhutan Olympic Committee (BOC) signed a Memorandum of Understanding (MoU) with Bhutan Philanthropic Venture Pvt Ltd (BPV) on 7th February, 2020.  BPV will be the official travel partner of Bhutan International Marathon, an annual international marathon event conducted by BOC. https://t.co/IpaPZTIGzn'",b'BhutanOlympic',[],795,"Thimphu, Bhutan"
2/10/20 8:26,"b""@nataliafrances_ Awesome. I'll have my first Church services soon. You're invited. I hope you enjoy Hennessy.""",b'xtoastadox',[],232,Ha
2/10/20 8:02,b'You are bemused by your relationships today as your best frien... More for Virgo https://t.co/ytH6jMhay1',b'czdorji',[],2216,"thimphu, bhutan"
2/10/20 8:02,"b'Me moving to Alaska was kinda like that book Hatchet, if everything went according to plan and there\xe2\x80\x99s no axe.'",b'crackopenaDrew',[],32,The great white north baby 
2/10/20 8:01,"b'You can showcase your talent in a public arena today, bringing... More for Sagittarius https://t.co/FfKav1h4Nc'",b'kintsho_bht',[],28,Thimphu
2/10/20 8:01,b'You have an opportunity to bring your creations and ideas befo... More for Taurus https://t.co/EECfQYA8HL',b'cixx67',[],1492,"Thimphu, Bhutan"
2/10/20 8:00,b'A balance must be struck in your relationships and friendships... More for Pisces https://t.co/uojyhA9mo8',b'LobzangYeshey1',[],301,"Thimphu, Bhutan"
2/10/20 7:33,b'Loveeee uuuu sm Ryan S \xe2\x9d\xa4\xef\xb8\x8f\xe2\x9d\xa4\xef\xb8\x8f',b'haaaaii',[],315,ha
2/10/20 7:28,b'@priyadarshic Content is King',b'TenzingLamsang',[],18620,"Thimphu, Bhutan."
2/10/20 7:21,b'god bless you https://t.co/QxuozOTW4y',b'SyedSaa1',[],1376,thimphu bhutan
2/10/20 7:08,b'good morning dear Noriko https://t.co/yAHRISxWwx https://t.co/pogbqKWZfa',b'SyedSaa1',[],1376,thimphu bhutan
2/10/20 7:02,b'beautiful  cute teeth n lips https://t.co/wqHJb26gHv https://t.co/wh22ddca6d',b'SyedSaa1',[],1376,thimphu bhutan
2/10/20 6:52,b'sinaing https://t.co/P2Pfrd00cd',b'marija_pie',[],248,ha
2/10/20 6:28,b'@TheEllenShow @billieeilish yeah?',b'Tensay52520578',[],1,"Thimphu, Bhutan"
2/10/20 6:23,b'@BBCBreaking @BBCNews Joker finally got accepted!',b'Tensay52520578',[],1,"Thimphu, Bhutan"
2/10/20 6:21,b'@BBCBreaking @BBCNews well deserved!',b'Tensay52520578',[],1,"Thimphu, Bhutan"
2/10/20 6:14,b'@BarackObama This is very inspiring!',b'Tensay52520578',[],1,"Thimphu, Bhutan"
2/10/20 6:14,b'@johnlegend Love Luna',b'Tensay52520578',[],1,"Thimphu, Bhutan"
2/10/20 5:49,b'This is not done and especially in a women\xe2\x80\x99s college in Delhi.  I think even UP and Bihar would not see this level of brazenness. https://t.co/CLqrL8zRfA',b'TenzingLamsang',[],18620,"Thimphu, Bhutan."
2/10/20 5:42,b'Singapore and Japan are now new international hotspots for the virus. China\xe2\x80\x99s quarantines and lockdowns clearly having an effect.',b'sandeeps13',[],270,Thimphu.
2/10/20 5:39,b'Asking the Right Question is important: Has the recent epidemic in Wuhan and the broader world let to a uptick in sales of the Corona Beer? Or a dip in sales?',b'sandeeps13',[],270,Thimphu.
2/10/20 5:28,b'Big brown chua',b'_SophiaLucman',[],1243,Ha
2/10/20 5:07,b'Air Ticket Quotation  https://t.co/fK47t02QlW',b'moafbhutan',[],410,"Thimphu, Bhutan"
2/10/20 5:07,b'Shortlisted Candidates for Chief Dzongkhag Agriculture Officer  https://t.co/dpD1t1W5SV',b'moafbhutan',[],410,"Thimphu, Bhutan"
2/10/20 3:41,b'what is your question https://t.co/IkozhgtX0I',b'SyedSaa1',[],1376,thimphu bhutan
2/10/20 3:36,"b'Photo by Mahendra Timsina | The great barbet is an Asian barbet native to the Indian sub-continent and Southeast Asia, where it inhabits foremost forests up to 3,000 m altitude.  #birding#birding_bhutan#birdwatching#wildlife#birds#conserve_earth#asia #acholala_tours_and_travels https://t.co/Oe6gPlp3YZ'",b'AcholalaT',['acholala_tours_and_travels'],9,Thimphu Bhutan 
2/10/20 3:10,b'New study an eye-opener on how coronavirus is spreading and how little we know - CNN https://t.co/cqtr9oEayT',b'dawapenjor',[],1245,Thimphu
2/10/20 3:03,"b""@nataliafrances_ Hey hi, I'm allowed to say no to both organizations, yeah? Cause imma gwonhead and say no to both. #strangerdanger.""",b'xtoastadox',['strangerdanger'],232,Ha
2/10/20 3:00,b'New study an eye-opener on how coronavirus is spreading and how little we know https://t.co/OGPOLxjUTY',b'gasebtandin',[],2278,"Thimphu, Bhutan"
2/10/20 2:56,b'@BoyTetsuo Can I say no to both?',b'xtoastadox',[],232,Ha
2/10/20 2:53,"b'The number of people killed by the new coronavirus rose by 97 on Sunday, the highest number of casualties in a day.  https://t.co/vqXkdX3Uxi'",b'gasebtandin',[],2278,"Thimphu, Bhutan"
2/10/20 2:49,b'@DraqoonArt now you HAVE to hehehe \xf0\x9f\x98\x8c\xf0\x9f\x98\x8c https://t.co/Cwhhff78Q6',b'artisttae_',[],2169,ʰᵃ ʰᵃ
2/10/20 2:45,b'10 more ! https://t.co/Cwhhff78Q6',b'artisttae_',[],2169,ʰᵃ ʰᵃ
2/10/20 2:43,b'@DraqoonArt watch out \xf0\x9f\x98\x8c https://t.co/Cwhhff78Q6',b'artisttae_',[],2169,ʰᵃ ʰᵃ
2/10/20 2:43,b'@JungkooksGauges thank you :)',b'artisttae_',[],2169,ʰᵃ ʰᵃ
2/10/20 2:42,b'guys please i believe in you ! https://t.co/Cwhhff78Q6',b'artisttae_',[],2169,ʰᵃ ʰᵃ
2/10/20 2:39,b'if this gets 15 likes justin has to get bubble tea with me tomorrow',b'artisttae_',[],2169,ʰᵃ ʰᵃ
2/10/20 2:15,b'pick a number &amp; then check ur dms \xf0\x9f\xa5\xba  1. \xf0\x9f\x92\x8c 2. \xf0\x9f\x92\x8c 3. \xf0\x9f\x92\x8c 4. \xf0\x9f\x92\x8c 5. \xf0\x9f\x92\x8c 6. \xf0\x9f\x92\x8c 7. \xf0\x9f\x92\x8c 8. \xf0\x9f\x92\x8c 9. \xf0\x9f\x92\x8c 10.\xf0\x9f\x92\x8c 11. \xf0\x9f\x92\x8c 12. \xf0\x9f\x92\x8c 13. \xf0\x9f\x92\x8c 14. \xf0\x9f\x92\x8c 15. \xf0\x9f\x92\x8c 16. \xf0\x9f\x92\x8c 17. \xf0\x9f\x92\x8c 18. \xf0\x9f\x92\x8c 19. \xf0\x9f\x92\x8c 20. \xf0\x9f\x92\x8c 21. \xf0\x9f\x92\x8c 22. \xf0\x9f\x92\x8c 23. \xf0\x9f\x92\x8c 24. \xf0\x9f\x92\x8c 25. \xf0\x9f\x92\x8c 26. \xf0\x9f\x92\x8c 27. \xf0\x9f\x92\x8c 28. \xf0\x9f\x92\x8c 29. \xf0\x9f\x92\x8c 30. \xf0\x9f\x92\x8c 31. \xf0\x9f\x92\x8c',b'artisttae_',[],2169,ʰᵃ ʰᵃ
2/10/20 1:57,b'@HelloItsVG Bro you raised my hopes \xf0\x9f\x98\x82',b'uchiha_soma',[],4,"Thimphu, Bhutan"
2/10/20 1:49,b'inconsistency',b'_SophiaLucman',[],1243,Ha
2/10/20 1:15,b'@Jazzy_C_Mo So when you were supposed to be focused on your breathing you were focused on your booty? \xf0\x9f\x98\x82',b'BrandiN0Tbrandy',[],95,ha
2/10/20 0:39,b'@AishaLUMS  good morning my dear \xda\x86\xd9\x88\xd8\xa6 \xd8\xb5\xd8\xa7\xd8\xa8 pls brush your beautiful teeth. apply lotion on your beautiful hands n feet have glass of milk. https://t.co/s10ajh9wPu',b'SyedSaa1',[],1376,thimphu bhutan
2/9/20 23:57,b'such a pity',b'_SophiaLucman',[],1243,Ha
2/9/20 23:24,b'@tinyhwang BEST FOOD !',b'artisttae_',[],2169,ʰᵃ ʰᵃ
2/9/20 23:20,b'@jsphflrs Start the trend.',b'xtoastadox',[],232,Ha
2/9/20 23:18,b'@Coach_DKC @andreFELLA I do that from time to time. Not sure what it does.',b'xtoastadox',[],232,Ha
2/9/20 22:29,b'@GrahamDeLaet You can see the moment where Phil threw up in his mouth',b'iamcmac14',[],3,Ha
2/9/20 22:21,"b""That ain't nobody else problem. https://t.co/LfO9d5Pvyq""",b'ajhanee09',[],354,Ha
2/9/20 22:06,b'@P98278212 yes till 10:20 \xf0\x9f\x92\x98\xf0\x9f\xa6\x8b',b'ellielairddx',[],5,ha
2/9/20 21:49,b'i actually love the girls friendships #loveisland',b'ellielairddx',['loveisland'],5,ha
2/9/20 21:42,"b""@SRWhitaker13 @SimsCreatorsCom No its in Louisiana, but I'm looking to do one from Savannah, any suggestions?""",b'Bu773rf1y8',[],1,"Thimphu, Bhutan"
2/9/20 21:34,b'#loveisland siannise is a BOSS\xf0\x9f\x98\xb3\xf0\x9f\x98\xb3\xf0\x9f\x98\xb3',b'ellielairddx',['loveisland'],5,ha
2/9/20 21:24,b'@noahliamm u kidding me on',b'ellielairddx',[],5,ha
2/9/20 20:55,b'@KitsuneFloof well that explains why I never encountered snorlax',b'SSRiolu',[],34,Ha
2/9/20 20:46,b'#TheSims4 Gallery #Gothic #victorian #gym #pool and #spa #jacuzzi #hottub #gazebo #ForgottenHollow #ShowUsYourBuilds https://t.co/oG8JG8LyC9',b'Bu773rf1y8',"['TheSims4', 'Gothic', 'victorian', 'gym', 'pool', 'spa', 'jacuzzi', 'hottub', 'gazebo', 'ForgottenHollow', 'ShowUsYourBuilds']",1,"Thimphu, Bhutan"
2/9/20 19:37,b'hopes someone tells replay guy to move that mic out of his nose.',b'xtoastadox',[],232,Ha
2/9/20 19:37,b'stop waiting for things to happen Go out there and make them happen',b'4noiaf',[],87,H
2/9/20 19:13,"b""@BlessedMonk_ Walk away from anything that gives you bad vibes.This is your life. There is no need to explain yourself to anyone. What's meant to be will be. Do what makes you happy and do it for the rest of your life. #THANKYOU \xe2\x9d\xa4""",b'YBhutanese',['THANKYOU'],188,Thimphu
2/9/20 19:13,b'@elonmusk can I go to marzz?',b'TheTurdBird',[],2,Ha
2/9/20 19:12,b'I was meant to be at my friends at 7 ffs why do I sleep in the day',b'nlms1x',[],984,HA
2/9/20 19:12,b'@sslmxa Girl \xf0\x9f\x98\x98\xf0\x9f\x98\x98\xf0\x9f\x98\x98',b'nlms1x',[],984,HA
2/9/20 18:27,b'@umarket @gadventures Omg looking so good \xe2\x9d\xa4',b'YBhutanese',[],188,Thimphu
2/9/20 18:26,b'@80daysbot Always welcome',b'YBhutanese',[],188,Thimphu
2/9/20 18:19,b'@leotrixofficial True',b'Xiao920',[],66,"Thimphu, Bhutan"
2/9/20 18:14,b'@sanholobeats Even if it makes me blind I just wanna see the light \xf0\x9f\xa5\xb0\xe2\x9d\xa4\xef\xb8\x8f',b'Xiao920',[],66,"Thimphu, Bhutan"
2/9/20 18:00,b'Festival fever is back!  Plan your trip to #Bhutan so you can join us in the festivities!  #MyBhutanFestival #FestivalFever https://t.co/pzO6h7UHQw',b'MyBhutan',"['Bhutan', 'MyBhutanFestival', 'FestivalFever']",935,"Thimphu, Bhutan"
2/9/20 17:34,b'The Farewell Dinner - Good Friends Prayers for The Best. @ BMT Happiness House https://t.co/WFs4HzBqmj',b'bhutan_majestic',[],1134,"Thimphu, Bhutan"
2/9/20 17:26,b'Welcome to Bhutan \xf0\x9f\x87\xa7\xf0\x9f\x87\xb9 Dinner at The Pema by Realm for Ms. Lakshmi from United States \xf0\x9f\x87\xba\xf0\x9f\x87\xb8 Thank you for choosing us as your local partner and we hope you have a very memorable holiday in Happiness Kingdom. Thank you The\xe2\x80\xa6 https://t.co/rRj3tnz3nc',b'bhutan_majestic',[],1134,"Thimphu, Bhutan"
2/9/20 17:22,b'zaroor. but you cant afford her my turkish breed jojo https://t.co/j7dEZhkTnh https://t.co/AZceuMZLnS',b'SyedSaa1',[],1376,thimphu bhutan
2/9/20 17:17,b'my towtow https://t.co/KVOhmGEwUI https://t.co/YB1XMPRIQx',b'SyedSaa1',[],1376,thimphu bhutan
2/9/20 17:15,b'i m not scared I m in love https://t.co/UDlI9qDK6o',b'SyedSaa1',[],1376,thimphu bhutan
2/9/20 17:01,b'@bnewsservice Bullshits',b'thnchox',[],6,"Thimphu, BHUTAN"
2/9/20 16:40,b'@sslmxa Wow ur gorgeous',b'nlms1x',[],984,HA
2/9/20 16:35,b'I swear everybody and they momma worked for blue cross blue shield in 2014 in Cola \xf0\x9f\x92\x80',b'ajhanee09',[],354,Ha
2/9/20 16:33,b'pls listen to bogo by cookie$ ryt noww https://t.co/aTT0vprdOh',b'jhatesyu',[],0,
2/9/20 16:24,b'@telegram any plans for video call feature..',b'younten',[],112,"Thimphu, Bhutan"
2/9/20 16:21,b'Bar my mum',b'nlms1x',[],984,HA
2/9/20 16:21,b'I don\xe2\x80\x99t give a fuck what nooooo one says about me lol. Not a soul',b'nlms1x',[],984,HA
2/9/20 16:21,b'Realest https://t.co/B4Djosg5A7',b'nlms1x',[],984,HA
2/9/20 16:13,b'GOOD NIGHT INDEED https://t.co/86dYtqQQMb',b'benjggwp',[],384,ha
2/9/20 16:06,b'im alweady aware na im difficult to deal with so yahhhh pakyu',b'jhatesyu',[],0,
2/9/20 15:52,b'nope fuck you hahahaha',b'jhatesyu',[],0,
2/9/20 15:43,"b'I\xe2\x80\x99m so glad I got a new snap, so many crazy burners try add my old one \xf0\x9f\x98\xad nutters'",b'nlms1x',[],984,HA
2/9/20 15:39,b'Why the hell i can\xe2\x80\x99t get over her!!',b'5almutairii',[],37,HA
2/9/20 15:34,b'has seen dem thangs #onhere more than once.',b'xtoastadox',['onhere'],232,Ha
2/9/20 15:02,b'@BigHitEnt look at taehyung\xe2\x80\x99s earring',b'jeaaanrodriguez',[],332,ha
2/9/20 14:52,"b'Photo by Mahendra Timsina | The golden-fronted leafbird is a species of leafbird. It is found from the Indian subcontinent and south-western China, to south-east Asia and Sumatra. This species eats insects and berries.  #birding#birding_bhutan #acholala_tours_and_travels https://t.co/JQtLCORhvA'",b'AcholalaT',['acholala_tours_and_travels'],9,Thimphu Bhutan 
2/9/20 14:46,b'coldest convo in the west',b'encabsss',[],195,
2/9/20 14:27,b'The pain you feel today is the strength you feel tomorrow ..',b'hdAb__',[],1627,HA
2/9/20 14:22,b'@_hayssscream wwwwiieeeeeee',b'jchmmrii',[],75,ha? 
2/9/20 14:20,b'@_hayssscream aah magrereview \xf0\x9f\x98\x82',b'jchmmrii',[],75,ha? 
2/9/20 13:41,b'Best time to visit Bhutan:  https://t.co/tBy1hYSAkq #Bhutan #VisitBhutan2020 #Buddhapoint #Kuenselphodrang #traveltips #tours #vacation #holiday #AttractionsinBhutan #Bhutantourism https://t.co/eQdp6RpYGN',b'worldtourplan09',"['Bhutan', 'VisitBhutan2020', 'Buddhapoint', 'Kuenselphodrang', 'traveltips', 'tours', 'vacation', 'holiday', 'AttractionsinBhutan', 'Bhutantourism']",197,"Thimphu,Bhutan"
2/9/20 13:33,b'Shaketastic wont deliver to me bcoz of this fucking storm',b'nlms1x',[],984,HA
2/9/20 13:26,b'cheap https://t.co/ocmYL3mO1j',b'SyedSaa1',[],1376,thimphu bhutan
2/9/20 13:21,b'and you call this a family?',b'leeebaba',[],165,ha? 
2/9/20 13:21,b'the mid one https://t.co/qcXIQAt9ZG',b'SyedSaa1',[],1376,thimphu bhutan
2/9/20 13:21,b'fuck this family',b'leeebaba',[],165,ha? 
2/9/20 13:16,b'Mondayyy ugmaaaa?????',b'ninooomiguel',[],171,ha?
2/9/20 12:57,b'why is it so hard to get up in the morning and also hard to sleep at night?',b'jeaaanrodriguez',[],332,ha
2/9/20 12:52,b'@marialeay_ no need ate ;)))',b'_SophiaLucman',[],1243,Ha
2/9/20 12:34,"b'For a government that works with you, #TheFightGoesOn, USAD \xf0\x9f\x8c\xb9 https://t.co/UTEkeiPik3'",b'_SophiaLucman',['TheFightGoesOn'],1243,Ha
2/9/20 12:16,"b'More and more couples are calling it quits on their long-term marriages, and this so-called \xe2\x80\x9cgray divorce\xe2\x80\x9d can throw retirement plans into disarray. But careful planning can mitigate the financial fallout, advisors say. https://t.co/pURnDZuZjT https://t.co/GuGyNMxdFD'",b'StratosWealthAG',[],46,Ha
2/9/20 12:14,b'@NaomiYvonneee Thank u bb iloveyoutoo\xe2\x9d\xa4\xef\xb8\x8f',b'marija_pie',[],248,ha
2/9/20 12:02,b'@sabbiiiooo Kpopper ka ghorl',b'_SophiaLucman',[],1243,Ha
2/9/20 12:02,"b""Seulgi's birthday later \xf0\x9f\xa5\xba""",b'032801Y',[],14,4311 in the calculator
2/9/20 11:59,"b'HAZEL OPADA SABIO, 14 YEARS OLD, SHORT BUT ADORABLE WAAAAAAAAAAAAAAAAAH!!!! dm her guys https://t.co/zYvM5MWLap'",b'_SophiaLucman',[],1243,Ha
2/9/20 11:31,b'The Full Moon in your 8th House of Regeneration casts a spell ... More for Capricorn https://t.co/p6mL9a2MGB',b'yiwangpindarica',[],6938,"Thimphu, Bhutan"
2/9/20 11:22,b'collectibles ba ghorl?? https://t.co/4pY37nsfwM',b'benjggwp',[],384,ha
2/9/20 11:10,b'@_hayssscream lah feeling',b'jchmmrii',[],75,ha? 
2/9/20 11:04,b'@elawniekylaaa ofcourseeee &lt;333',b'_SophiaLucman',[],1243,Ha
2/9/20 11:04,b'If I was white I\xe2\x80\x99d 150% be ginger. Gingers are the pengest https://t.co/PIcrAqbZPv',b'nlms1x',[],984,HA
2/9/20 11:04,b'omggggg ka cuteeeee https://t.co/BT8b7ALeCF',b'_SophiaLucman',[],1243,Ha
2/9/20 10:55,b'@gauravpramanik Melbourne ma.. for studies.. sick of subways and bun',b'ayand17',[],28,"Thimphu, BHUTAN"
2/9/20 10:33,b'@cdrfthriscia Thank you bb ko',b'marija_pie',[],248,ha
2/9/20 10:33,b'@MaxDelaRiarte UNSAY ASS???',b'_SophiaLucman',[],1243,Ha
2/9/20 10:33,b'@gwynethpereyyy awww thank u ateee\xf0\x9f\xa5\xba',b'marija_pie',[],248,ha
2/9/20 10:29,"b'Can\xe2\x80\x99t this wind relax today, it\xe2\x80\x99s still the weekend. Kick up again early tomorrow so I can \xe2\x80\x9cwfh\xe2\x80\x9d'",b'nlms1x',[],984,HA
2/9/20 10:17,b'@nike__xo It\xe2\x80\x99s never too early!!!!',b'nlms1x',[],984,HA
2/9/20 9:58,b'@mandohoerian All 3 but Pena is the best!',b'samosa_sasta',[],25,Timbu
2/9/20 9:53,b'@MUSIC_FESS When you started crying baby i did itntoo',b'iloveturu',[],1848,Ha
2/9/20 9:12,b'@dhineandal u got it \xf0\x9f\x98\x89',b'_SophiaLucman',[],1243,Ha
2/9/20 8:55,b'Let us treat our 4th quarter pe as prom nalang \xf0\x9f\xa4\xb7\xf0\x9f\x8f\xbb\xe2\x80\x8d\xe2\x99\x80\xef\xb8\x8f',b'_SophiaLucman',[],1243,Ha
2/9/20 8:51,"b""@ethanjacobslaw @David_Risney Think I can handle the half of 1'30 mns""",b'Kradoukiel',[],122,"Thimphu, Bhutan"
2/9/20 8:18,b'never be a back bencher but did this act daily in the class https://t.co/RCGPGsEoYG',b'SyedSaa1',[],1376,thimphu bhutan
2/9/20 8:15,b'good morning dear Olga https://t.co/qzOQjppSeV https://t.co/fkEvyI7Rrr',b'SyedSaa1',[],1376,thimphu bhutan
2/9/20 8:02,"b""You'll feel a strong pull to withdraw and tap into your imagin... More for Virgo https://t.co/ytH6jMhay1""",b'czdorji',[],2216,"thimphu, bhutan"
2/9/20 8:01,"b'You greet the day with a spirit of adventure, ready to make da... More for Sagittarius https://t.co/FfKav1h4Nc'",b'kintsho_bht',[],28,Thimphu
2/9/20 8:01,b'You could reach a pivotal moment in your personal life today. ... More for Taurus https://t.co/EECfQYA8HL',b'cixx67',[],1492,"Thimphu, Bhutan"
2/9/20 8:00,b'Work will undergo some dramatic changes thanks to today\xe2\x80\x99s Full... More for Pisces https://t.co/uojyhA9mo8',b'LobzangYeshey1',[],301,"Thimphu, Bhutan"
2/9/20 6:29,"b'Delhi chooses Arvin\xe2\x80\x99s Kejriwal Again, BJP gains but power out of reach predicts Poll of Polls.  https://t.co/xdb30kvsEy'",b'gasebtandin',[],2278,"Thimphu, Bhutan"
2/9/20 6:19,b'Fucking I will kill you in mini golf bitch pull up',b'crackopenaDrew',[],32,The great white north baby 
2/9/20 6:16,b'Coronavirus deaths exceed Sars fatalities in 2003 https://t.co/H3hOY5nhoK',b'gasebtandin',[],2278,"Thimphu, Bhutan"
2/9/20 6:15,"b""Independent Spirit Awards: The Farewell's Lulu Wang wins for best film https://t.co/krY8A54cSx""",b'gasebtandin',[],2278,"Thimphu, Bhutan"
2/9/20 6:08,b'Join me dear https://t.co/xcJUz8T2hK https://t.co/7v8Z77GZUj',b'SyedSaa1',[],1376,thimphu bhutan
2/9/20 5:53,b'@iamruelson_dr thank u bb',b'marija_pie',[],248,ha
2/9/20 5:40,b'good morning my dear Sandra happy Sunday https://t.co/1LhyRUGweW https://t.co/sswiRmbl7Q',b'SyedSaa1',[],1376,thimphu bhutan
2/9/20 5:35,b'@eryen_jii thank u babs\xe2\x9d\xa4\xef\xb8\x8f',b'marija_pie',[],248,ha
2/9/20 5:29,"b'Hundred kilometres away already, take care love\xe2\x99\xa5\xef\xb8\x8f https://t.co/0ThvEtBzLD'",b'deerazif__',[],264,HA
2/9/20 5:24,b'She is pretty and handsome!? \xf0\x9f\x98\xad https://t.co/FaIS3sgKdl',b'deerazif__',[],264,HA
2/9/20 5:20,b'sick\xf0\x9f\xa4\x92',b'marija_pie',[],248,ha
2/9/20 5:12,b'Thai soldier who went on deadly shooting rampage killed https://t.co/YC0dSeJfYJ',b'gasebtandin',[],2278,"Thimphu, Bhutan"
2/9/20 4:43,b'concept photos tomorrow \xf0\x9f\x98\xb3',b'artisttae_',[],2169,ʰᵃ ʰᵃ
2/9/20 4:38,b'lit mod for empire at war \xf0\x9f\x92\xaf https://t.co/tQ01j18Xh7',b'densecancer',[],0,ha
2/9/20 4:17,b'epic image of my car that burnt down once \xf0\x9f\x98\x90 https://t.co/0P5ZE5sZUk',b'densecancer',[],0,ha
2/9/20 4:11,b'when you have too much free time with a laser engraver \xf0\x9f\x98\xb6 https://t.co/pO4AcFKLa4',b'densecancer',[],0,ha
2/9/20 4:01,b'sped teachers be like https://t.co/pORKDZaBBx',b'densecancer',[],0,ha
2/9/20 3:36,b'Going out with my criminal friends always reminds me of the good times I had dating criminals sigh',b'nlms1x',[],984,HA
2/9/20 3:28,b'Thank you beautiful ladies of mine... really we got new name \xf0\x9f\x98\x81 #The_Four\xe2\x9d\xa4 #Our_Day_iMerit https://t.co/x2zI3x2A1M',b'penchu171',"['The_Four', 'Our_Day_iMerit']",6,Thimphu
2/9/20 3:17,b'This is legit me and @nike__xo https://t.co/x3ACO0ng2v',b'nlms1x',[],984,HA
2/9/20 3:16,b'short-term memory loss',b'deeyanarhmn',[],436,💍HA
2/9/20 2:49,b'beautiful Joan https://t.co/AQFKvF5f0A',b'SyedSaa1',[],1376,thimphu bhutan
2/9/20 1:39,"b'echo -e ""\\n\xf0\x9f\x92\x83\xf0\x9f\x8f\xbb""|textimg -F100|convert - -trim -bordercolor black -border 20\xc3\x9720 +distort depolar 0 \\( +clone \\) \\( +clone \\) +append -flip +repage -distort arc 360,0,199,0 \\( +clone -rotate 90 \\) \\( +clone -rotate 90 \\) \\( +clone -rotate 90 \\) /images/x.gif #\xe3\x82\xb7\xe3\x82\xa7\xe3\x83\xab\xe8\x8a\xb8'",b'1liiiiiiiiiiii',['シェル芸'],1726,Saint-Louis-du-Ha! Ha!
2/9/20 1:29,b'@weegeevenom @DraqoonArt exactly. thank you so much for understanding',b'artisttae_',[],2169,ʰᵃ ʰᵃ
2/9/20 1:27,b'@weegeevenom @DraqoonArt thank you',b'artisttae_',[],2169,ʰᵃ ʰᵃ
2/9/20 1:19,b'@theydeadinside bless',b'densecancer',[],0,ha
2/9/20 1:00,b'@violetueur yikes',b'densecancer',[],0,ha
2/9/20 0:58,b'@miaoanniemiao nihao',b'densecancer',[],0,ha
2/9/20 0:58,b'@Cloesy oh no',b'densecancer',[],0,ha
2/9/20 0:55,b'@TawnosWins facts',b'densecancer',[],0,ha
2/9/20 0:41,"b""can feel where I'm losing hope of ever using this @YamahaDrums Jungle Kit.""",b'xtoastadox',[],232,Ha
2/9/20 0:27,"b'echo -e ""\\n\xf0\x9f\x92\xa9""|textimg -F100|convert - -trim -bordercolor black -border 10x10 +distort depolar 0 \\( +clone \\) \\( +clone \\) +append -flip +repage -distort arc 360,0,199,0 \\( +clone -rotate 90 \\) \\( +clone -rotate 90 \\) \\( +clone -rotate 90 \\) /images/x.gif #\xe3\x82\xb7\xe3\x82\xa7\xe3\x83\xab\xe8\x8a\xb8'",b'1liiiiiiiiiiii',['シェル芸'],1726,Saint-Louis-du-Ha! Ha!
2/9/20 0:19,b'@gauravpramanik Missing food back home big time... And your posts are making me \xf0\x9f\xa5\xba',b'ayand17',[],28,"Thimphu, BHUTAN"
2/9/20 0:18,b'@DraqoonArt nevermind :(',b'artisttae_',[],2169,ʰᵃ ʰᵃ
2/9/20 0:16,"b'echo -e ""\\n\xf0\x9f\xa6\x8b ""|textimg -F100|convert - -trim -bordercolor black -border 10x10 -roll +0+8 +distort depolar 0 \\( +clone \\) \\( +clone \\) \\+append -flip +repage -distort arc 360,0,199,0 /images/x.png #\xe3\x82\xb7\xe3\x82\xa7\xe3\x83\xab\xe8\x8a\xb8'",b'1liiiiiiiiiiii',['シェル芸'],1726,Saint-Louis-du-Ha! Ha!
2/9/20 0:12,"b'echo -e ""\\n\xf0\x9f\x91\xaf\xe2\x80\x8d\xe2\x99\x80\xef\xb8\x8f ""|textimg -F100|convert - -trim -bordercolor black -border 10x10 -roll +0+4 +distort depolar 0 \\( +clone \\) \\( +clone \\) \\+append -flip +repage -distort arc 360,0,199,0 /images/x.png #\xe3\x82\xb7\xe3\x82\xa7\xe3\x83\xab\xe8\x8a\xb8'",b'1liiiiiiiiiiii',['シェル芸'],1726,Saint-Louis-du-Ha! Ha!
2/9/20 0:06,"b'echo -e ""\\n\xf0\x9f\x91\xb9 ""|textimg -F100|convert - -trim -bordercolor black -border 10x10 -roll +0+5 +distort depolar 0 \\( +clone \\) \\( +clone \\) \\+append -flip +repage -distort arc 360,0,199,0 /images/x.png #\xe3\x82\xb7\xe3\x82\xa7\xe3\x83\xab\xe8\x8a\xb8'",b'1liiiiiiiiiiii',['シェル芸'],1726,Saint-Louis-du-Ha! Ha!
2/9/20 0:03,"b'echo -e ""\\n\xf0\x9f\x92\xa9 ""|textimg -F100|convert - -trim -bordercolor black -border 10x10 -roll +0+5 +distort depolar 0 \\( +clone \\) \\( +clone \\) \\+append -flip +repage -distort arc 360,0,199,0 /images/x.png #\xe3\x82\xb7\xe3\x82\xa7\xe3\x83\xab\xe8\x8a\xb8'",b'1liiiiiiiiiiii',['シェル芸'],1726,Saint-Louis-du-Ha! Ha!
2/8/20 23:45,b'@AishaLUMS  good morning \xda\x86\xd9\x88\xd8\xa6 \xd8\xb5\xd8\xa7\xd8\xa8 plz brush your beautiful teeth drink glass of milk. https://t.co/v86eLIKcnw',b'SyedSaa1',[],1376,thimphu bhutan
2/8/20 23:17,"b'@DraqoonArt literally me with my cereal, should i try this?\xf0\x9f\x98\x8c https://t.co/SItCwY8xci'",b'artisttae_',[],2169,ʰᵃ ʰᵃ
2/8/20 23:13,b'@viii_xiiu96 yess',b'artisttae_',[],2169,ʰᵃ ʰᵃ
2/8/20 23:05,b'@nicole_suelan Feeler',b'ninooomiguel',[],171,ha?
2/8/20 22:38,"b""@JacquelynnPoo What's so bad about normalcy?""",b'xtoastadox',[],232,Ha
2/8/20 22:09,b'@PrinceJunes @ThePhanSite Fire Emblem 3 Houses',b'RFuryZ',[],8,Ha
2/8/20 21:34,b'~The crimson cupola On a silvery pedestal With an obi-like penumbra dossal Amidst the dead of night Overlooking the tranquil Tshongdue ~The twinkles on the street Proffering a scenic possie To the titanic of\xe2\x80\xa6 https://t.co/gZe90ANVGV',b'crubaboza',[],1267,"Ura, Bumthang, Bhutan"
2/8/20 19:07,b'agreed https://t.co/EOe4FXSCcO https://t.co/q5KjwKsv8F',b'SyedSaa1',[],1376,thimphu bhutan
2/8/20 18:41,b'@marjenotmarjo @Deedajay WXCUSE ME FOR THE NTH TIME',b'benjggwp',[],384,ha
2/8/20 18:34,b'Awesome series! #RagnarokNetflix https://t.co/DMymWd9BIN',b'tenzinbhutan',['RagnarokNetflix'],119,"Thimphu, Bhutan"
2/8/20 18:32,"b'Finally able to do my first floral design today   for Amankora using tuberoses, gladiolus, disbuds and chrysanthemums...  #amankora #flowers #floraldesign @ Amankora https://t.co/6aC44QXCeR'",b'LovenRamos',"['amankora', 'flowers', 'floraldesign']",2139,"Siem Reap, Cambodia"
2/8/20 18:28,b'Please fill this empty voids',b'pixie_simpson93',[],27,Thimphu
2/8/20 18:28,b'wonders if there is Barbecue sauce in the fridge.',b'xtoastadox',[],232,Ha
2/8/20 18:15,b'has gotten too comfortable in these XL shirts. What I need is an explanation of events leading up to three days after Tybee Island 1958.',b'xtoastadox',[],232,Ha
2/8/20 18:15,"b""Ha p p y  85th  m o n t h s a r y  t o  a l l  a r m y's   o u t  t h e r e.\xf0\x9f\x92\x95I purple you all\xf0\x9f\x92\x9c(bts\xc3\x97army\xe2\x9d\xa3) https://t.co/nOUON29Xqp""",b'Sonamom6',[],1,"Punakha,Bhutan"
2/8/20 18:10,b'@CorvidsCorpse lmaoo thank you! i know.. thank god',b'artisttae_',[],2169,ʰᵃ ʰᵃ
2/8/20 18:10,b'beauty in Saree https://t.co/Gi1fc93JDd',b'SyedSaa1',[],1376,thimphu bhutan
2/8/20 18:09,b'beauty in Saree https://t.co/m527hBu5kn',b'SyedSaa1',[],1376,thimphu bhutan
2/8/20 17:49,b'I\xe2\x80\x99m 30 mins from the gaff and need a shit lol',b'RomellHenryTbf',[],12,Ha
2/8/20 17:48,b'Afropunk 2020. https://t.co/eCdpJmdO1L',b'xtoastadox',[],232,Ha
2/8/20 17:33,b'@xgregsucksx @Jayelly12 Pack your fist full of money. Take a swing at my DMs.',b'xtoastadox',[],232,Ha
2/8/20 17:32,"b""They don't remember what you try to teach them. They remember what you are.  #bhutan #ig_bhutan #bhutan_ig #drukpa #children #bhutan_awaits #instantclicksbt #amazingbhutan #natgeo\xe2\x80\xa6 https://t.co/9dlthoG8u0""",b'Phuuuuubz19',"['bhutan', 'ig_bhutan', 'bhutan_ig', 'drukpa', 'children', 'bhutan_awaits', 'instantclicksbt', 'amazingbhutan', 'natgeo']",85,"Thimphu,Bhutan"
2/8/20 17:22,"b'Coronavirus update:  Confirmed case: 34,546 in China  Total death: 722 people  (There are more than 320 reported cases outside China in 25 countries with two deaths).  As of 7th February 2020 (Source: @thebhutanese)'",b'pgyamtsho',[],517,Thimphu
2/8/20 17:22,"b""@sadsportyspice @_AyoFaithh @epick_erick @KNOWSUFFER @rottendisgusttx I mean biologically, I'm from my Dad's Ballsack. Geographically, Eastside El Paso. But yeah. I know people you don't know I know. Hi. How are you?""",b'xtoastadox',[],232,Ha
2/8/20 17:04,b'@AllyxTheBunny Spy hat and marshmallow pants and shirts',b'uchiha_soma',[],4,"Thimphu, Bhutan"
2/8/20 17:04,b'@AllyxTheBunny Spy hat',b'uchiha_soma',[],4,"Thimphu, Bhutan"
2/8/20 17:00,b'@LisboKateReal You have my support',b'uchiha_soma',[],4,"Thimphu, Bhutan"
2/8/20 16:59,b'@AllyxTheBunny Can you give me some robux ?',b'uchiha_soma',[],4,"Thimphu, Bhutan"
2/8/20 16:50,b'Do you remember when you joined Twitter? I do! #MyTwitterAnniversary https://t.co/CHegOxiVpC',b'saileshpb786',['MyTwitterAnniversary'],7,PBH
2/8/20 16:49,b'@KreekCraft Dude I vote you for president BUT BACON HAIR is a must !',b'uchiha_soma',[],4,"Thimphu, Bhutan"
2/8/20 16:48,b'@ColorsTV @sidharth_shukla @Vivo_India @BeingSalmanKhan YES   Any doubt @ColorsTV  @BeingSalmanKhan',b'YBhutanese',[],188,Thimphu
2/8/20 16:47,b'@MakoMellow Done ! Roblox Username : XGamer_Lgnd11',b'uchiha_soma',[],4,"Thimphu, Bhutan"
2/8/20 16:47,b'@VijMahhi Both Shehnazz n Arti are independent player haha   Funny audience',b'YBhutanese',[],188,Thimphu
2/8/20 16:45,b'@craft_mystical I need robux',b'uchiha_soma',[],4,"Thimphu, Bhutan"
2/8/20 16:38,b'I really lacked on getting a velvet marmont n now Gucci don\xe2\x80\x99t sell them anymore. Pain',b'nlms1x',[],984,HA
2/8/20 16:04,b'Me since 2019: https://t.co/gpozQRnYt1',b'namgayzam',[],20747,thimphu 
2/8/20 15:56,"b'I want to inspire people, I want someone to look At me and say ""because of you I didn\'t give up""!'",b'hdAb__',[],1627,HA
2/8/20 15:44,b'India not to impose reciprocal fee on Bhutan tourists: MEA : The Tribune India https://t.co/Cdi4NcUdzz',b'bhutanredchill',[],154,Thimphu
2/8/20 15:32,b'@spxcebxss AHH THANK YOUUU',b'artisttae_',[],2169,ʰᵃ ʰᵃ
2/8/20 15:24,b'birthdays rly be no fun',b'artisttae_',[],2169,ʰᵃ ʰᵃ
2/8/20 15:22,b'Just did the most typical thing I do: watched @taylorswift13 \xe2\x80\x98s Miss Americana. A lot of good takes. The best part was the constant need to reinvent ourselves everyday.',b'sandeeps13',[],270,Thimphu.
2/8/20 15:12,"b""Can'tt sleep lol""",b'cathhnsn',[],174,hA
2/8/20 15:12,"b""Missin' u""",b'cathhnsn',[],174,hA
2/8/20 14:59,"b""@_AyoFaithh @sadsportyspice @epick_erick @KNOWSUFFER and @rottendisgusttx are where I'm from.""",b'xtoastadox',[],232,Ha
2/8/20 14:49,"b'Here comes a week of mood swings, cravings and pain. Smh.'",b'conan_ph',[],1226,Ha?
2/8/20 14:48,b'I just shared the Gothic Myst Manor Lot on #TheSims4 Gallery! #ForgottenHollow #ShowUsYourBuilds #Gothic #victorian https://t.co/C5nVrDL6e0',b'Bu773rf1y8',"['TheSims4', 'ForgottenHollow', 'ShowUsYourBuilds', 'Gothic', 'victorian']",1,"Thimphu, Bhutan"
2/8/20 14:46,b'#Plantation #HoumasHouse #Gothic #victorian #gingerbreadhouse #ForgottenHollow #ShowUsYourBuilds #TheSims4 Gallery https://t.co/ZuONtO5pdB',b'Bu773rf1y8',"['Plantation', 'HoumasHouse', 'Gothic', 'victorian', 'gingerbreadhouse', 'ForgottenHollow', 'ShowUsYourBuilds', 'TheSims4']",1,"Thimphu, Bhutan"
2/8/20 14:43,b'yes dear https://t.co/qSt9G74riz',b'SyedSaa1',[],1376,thimphu bhutan
2/8/20 14:40,b'@BlondeMDToBe Try Buddhist Meditation; I came across many who say has positive effect on them\xf0\x9f\x98\x8a',b'DziJ',[],1611,Thimphu
2/8/20 14:28,b'@taevlunes ahh thank you!!!',b'artisttae_',[],2169,ʰᵃ ʰᵃ
2/8/20 14:27,b'it\xe2\x80\x99s always you',b'haaaaii',[],315,ha
2/8/20 14:09,b'@AishaLUMS  good night \xda\x86\xd9\x88\xd8\xa6 \xd8\xb5\xd8\xa7\xd8\xa8 cu tomorrow https://t.co/6mCKOdHtkp',b'SyedSaa1',[],1376,thimphu bhutan
2/8/20 14:09,b'lol how can I be this sad.. cute',b'artisttae_',[],2169,ʰᵃ ʰᵃ
2/8/20 13:56,b'@_hayssscream connect?',b'jchmmrii',[],75,ha? 
2/8/20 13:42,b'good evening Maryam https://t.co/c5LaowyQei https://t.co/5KNLg6P88F',b'SyedSaa1',[],1376,thimphu bhutan
2/8/20 13:39,b'I know we are going to say goodbye when one of us received letter on the last day we met \xe2\x98\xb9\xef\xb8\x8f\xf0\x9f\x98\xad\xe2\x99\xa5\xef\xb8\x8f https://t.co/T1Ev5tOx7v',b'deerazif__',[],264,HA
2/8/20 13:38,b'@safswho Happy birthday x',b'sanaaa_d',[],46,Ha
2/8/20 13:33,b'No wonder. https://t.co/RbogXgGPIz',b'namgayzam',[],20747,thimphu 
2/8/20 13:32,b'... its my birthday... 18\xf0\x9f\xa5\xb3\xf0\x9f\xa5\xba https://t.co/uGocuoDixX',b'artisttae_',[],2169,ʰᵃ ʰᵃ
2/8/20 13:12,b'@welldinelalican chat moko',b'marija_pie',[],248,ha
2/8/20 13:12,b'Did it stretch to Eastern Bhutan? https://t.co/YPpL8KGRhq',b'DziJ',[],1611,Thimphu
2/8/20 12:50,b'@jnllayee yikes',b'jeaaanrodriguez',[],332,ha
2/8/20 12:37,b'love you\xf0\x9f\xa5\xba https://t.co/jZpt6XlFye',b'cathhnsn',[],174,hA
2/8/20 12:24,b'@manusiaheboh69 Aw skit',b'iloveturu',[],1848,Ha
2/8/20 12:21,b'@bobaIuvs Emes.',b'iloveturu',[],1848,Ha
2/8/20 12:13,"b'Which is more tax-efficient, ETFs or mutual funds? In this article, we\xe2\x80\x99ll look at the key reasons behind the tax efficiency of ETFs and discuss how they compare to a typical mutual fund. https://t.co/dAGFZgzJgj https://t.co/oRVdIfijL2'",b'StratosWealthAG',[],46,Ha
2/8/20 12:04,b'she didnt care that i cared for her. oooof',b'encabsss',[],195,
2/8/20 11:34,b'I know ur happy now.',b'_jewelirish',[],128,ha
2/8/20 11:32,"b'Need u rn,,,,,'",b'_jewelirish',[],128,ha
2/8/20 11:31,b'Insights sharpen your perception of hidden elements and patter... More for Capricorn https://t.co/p6mL9a2MGB',b'yiwangpindarica',[],6938,"Thimphu, Bhutan"
2/8/20 11:26,"b'Photo by Mahendra Timsina | The crimson-breasted woodpecker or scarlet-breasted woodpecker is a species of bird in the family Picidae. It is found in Bangladesh, Bhutan, China, India, Laos, Myanmar, Nepal, Thailand, and Vietnam.  #birding#birdwatching #acholala_tours_and_travels https://t.co/gLw83B5dif'",b'AcholalaT',['acholala_tours_and_travels'],9,Thimphu Bhutan 
2/8/20 11:18,"b'yeyy, will be posting our video pag retreat igka later or tomorrow'",b'jhatesyu',[],0,
2/8/20 11:17,b'ShEt',b'_jewelirish',[],128,ha
2/8/20 11:09,b'Birds of Prey is good btw',b'nlms1x',[],984,HA
2/8/20 11:09,b'@Martian_MUFC 1 step ahead of u',b'nlms1x',[],984,HA
2/8/20 11:04,b'@Martian_MUFC Jarring I haven\xe2\x80\x99t even woken up yet',b'nlms1x',[],984,HA
2/8/20 10:59,b'It\xe2\x80\x99s like my mum comes in the room to find something to complain about. Have a day off',b'nlms1x',[],984,HA
2/8/20 9:44,b'received unsolicited nudes from Soandso. Not sure if the rules work the same way.',b'xtoastadox',[],232,Ha
2/8/20 9:32,b'@sadsportyspice @epick_erick Music.',b'xtoastadox',[],232,Ha
2/8/20 8:52,"b'Partiality ki hadd. Even after performing the best among all in the aktu arts and cultural Fest, the jury has an excuse for thrashing us down. Either it be skit, rangoli, mehndi, face painting. Slow claps #mpec\xf0\x9f\x91\x8e #maharanapratapengineeringcollege #mpgi #aktuzonals20'",b'apoorvanurag',"['mpec', 'maharanapratapengineeringcollege', 'mpgi', 'aktuzonals20']",3,Pbh
2/8/20 8:31,b'ok. close ur eyes imagine you have zinger in ur hand pls bite n chew https://t.co/SncGp00A1U',b'SyedSaa1',[],1376,thimphu bhutan
2/8/20 8:07,"b""Namaste \xf0\x9f\x99\x8f Is Bhutan already on your bucket list? This little Himalayan paradise is one of the most eco-friendly countries in the world! Visitors have to pay a fairly high daily fee. But that's why it's not crowded with\xe2\x80\xa6  \xf0\x9f\x93\xb8 https://t.co/bJIy2Beyzo via https://t.co/T5buTg0Dom https://t.co/sUbX4v5k2t""",b'opodo',[],187755,
2/8/20 8:02,"b'You have a strong inclination to work in solitude, quietly att... More for Virgo https://t.co/ytH6jMhay1'",b'czdorji',[],2216,"thimphu, bhutan"
2/8/20 8:01,b'You need open space and freedom to explore interesting new vis... More for Sagittarius https://t.co/FfKav1h4Nc',b'kintsho_bht',[],28,Thimphu
2/8/20 8:01,b'You\xe2\x80\x99re motivated to release anything that no longer serves you... More for Taurus https://t.co/EECfQYA8HL',b'cixx67',[],1492,"Thimphu, Bhutan"
2/8/20 8:00,b'Your creative skills and talents are welcomed in the workplace... More for Pisces https://t.co/uojyhA9mo8',b'LobzangYeshey1',[],301,"Thimphu, Bhutan"
2/8/20 7:43,b'aw thankyou \xf0\x9f\x98\x98 https://t.co/zmg5e2sTix',b'kylastronggg',[],434,ha?
2/8/20 7:43,"b""i really don't feel like explaining myself to anyone""",b'jchmmrii',[],75,ha? 
2/8/20 7:24,b'@yat_ot Grabe yown',b'mykahangelaa',[],478,Ha
2/8/20 7:10,b'happy birthday dear https://t.co/YTWJ6QIvAW https://t.co/x8rxzRnHDo',b'SyedSaa1',[],1376,thimphu bhutan
2/8/20 7:04,b'#Thailand reports seven new #coronavirus cases - health ministry https://t.co/dAqillIxnB',b'jamja79',"['Thailand', 'coronavirus']",494,"Thimphu, Bhutan"
2/8/20 5:39,b'Statistics Visuals &amp; Infographics   Everything you need to know about the coronavirus via @SCMPgraphics  https://t.co/jxFQEFF5We #WuhanPneumonia #coronavirus #wuhanvirus',b'czdorji',"['WuhanPneumonia', 'coronavirus', 'wuhanvirus']",2216,"thimphu, bhutan"
2/8/20 5:21,b'@eryen_jii sorry aken',b'marija_pie',[],248,ha
2/8/20 5:20,b'@iamruelson_dr congrats bb\xf0\x9f\xa4\x97',b'marija_pie',[],248,ha
2/8/20 5:15,b'@epick_erick You know those people had kids and grandkids right?',b'xtoastadox',[],232,Ha
2/8/20 5:13,b'@FourWitTheFive Taking it entirely too seriously.',b'xtoastadox',[],232,Ha
2/8/20 5:09,b'@YamahaDrums is making this Jungle Kit saga a real journey. So far none of these mounts fit this drum. What do I have to do to make this work? @GibraltarDIY please help.',b'xtoastadox',[],232,Ha
2/8/20 4:58,b'good morning\xf0\x9f\x92\x99',b'A27uii',[],46,HA
2/8/20 3:40,b'2 hours preparation for 10 seconds graduation pictorial. https://t.co/wBBoSPoVQu',b'conan_ph',[],1226,Ha?
2/8/20 3:06,b'@jorgedianne1 Congrats \xf0\x9f\xa4\x97',b'marija_pie',[],248,ha
2/8/20 3:06,b'Hiking! Biking! Rafting! Picnicking! Relaxing! and Entertaining! . . . . . #bhutantravel #bhutantourism #bhutan_ig #bhutandiaries #gnh #happyplace #mtbiking #hiking #picnicking #relaxing #entertaining #bhutantours\xe2\x80\xa6 https://t.co/zR5ILrLXMN',b'happy_tashi',"['bhutantravel', 'bhutantourism', 'bhutan_ig', 'bhutandiaries', 'gnh', 'happyplace', 'mtbiking', 'hiking', 'picnicking', 'relaxing', 'entertaining', 'bhutantours']",1,"Thimphu, Bhutan "
2/8/20 3:01,b'good morning my \xda\x86\xd9\x88\xd8\xa6 \xd8\xb5\xd8\xa7\xd8\xa8\xdb\x94 plz brush your beautiful teeth. apply lotion on your hands and feet. thanks. https://t.co/01fjDR2MjK https://t.co/b7ss0egkzs',b'SyedSaa1',[],1376,thimphu bhutan
2/8/20 2:51,"b'@XeXaXole I\xe2\x80\x99m sorry that I didn\xe2\x80\x99t make you one, I was pretty awkward'",b'AK_lil_',[],108,ha
2/8/20 2:47,"b'@Liz_Pecan 3B2 , Treeckos the best baby tho \xf0\x9f\xa5\xba\xf0\x9f\xa5\xba'",b'Caniiibal',[],11,"Thimpu, Bhutan"
2/8/20 2:42,b'Viewing Tigernest monastery from the distance. . #travel #travelphotography #traveltips #traveltobhutan #traveleverwhere #tourism #bhutan #happybhutan https://t.co/dat9OtpqLZ',b'happy_tashi',"['travel', 'travelphotography', 'traveltips', 'traveltobhutan', 'traveleverwhere', 'tourism', 'bhutan', 'happybhutan']",1,"Thimphu, Bhutan "
2/8/20 2:30,b'@Sloppy_noodle_ dm me',b'artisttae_',[],2169,ʰᵃ ʰᵃ
2/8/20 2:10,b'When ur in the q at 338: https://t.co/55byZlHjhZ',b'nlms1x',[],984,HA
2/8/20 2:06,b'@eryen_jii Congrats babs!',b'marija_pie',[],248,ha
2/8/20 1:58,b'Still hoping.',b'_jewelirish',[],128,ha
2/8/20 1:24,b'Me and my friends dancing on footballers in pryzm at 17 y/o https://t.co/Nw74ojeyb7',b'nlms1x',[],984,HA
2/8/20 1:16,"b'sabado, the laba day &amp; linis day'",b'kylastronggg',[],434,ha?
2/8/20 0:51,b'thank you\xf0\x9f\xa4\x97 https://t.co/VHB9A0t27D',b'marija_pie',[],248,ha
2/7/20 23:11,b'@_yanbondoc okay',b'_SophiaLucman',[],1243,Ha
2/7/20 22:26,"b""@abikedabiri @MBuhari Have a fruitful meeting BUT there needs to out of the box thinking to solve the problems facing Nigeria and that's not going to happen with praise singing. No disrespect intended ma'am. Cheers""",b'okolikobaje',[],51,HA
2/7/20 22:20,"b'@luvekth 18, tomorrow!'",b'artisttae_',[],2169,ʰᵃ ʰᵃ
2/7/20 20:43,"b'@nthabi_bokako @Dezra_Ore @MallOfAfricaSA With Rapes cases sky rocketing, Not ready at all..ppl will b raped in those toilets'",b'Sallymathole',[],223,Pbh
2/7/20 18:43,b'@RealVinduSingh Sid truly deserves to win dis show...such a gem he is...lets al pray fr him',b'kezwon',[],3,thimphu
2/7/20 18:39,"b'Vancouver? L.A.? Before they settle, the Duke and Duchess need to give serious thought to the tax consequences of living outside the U.K. https://t.co/kQ76vl35st https://t.co/LACgeE21wZ'",b'StratosWealthAG',[],46,Ha
2/7/20 17:59,b'@ColorsTV @imrealasim @TheRashamiDesai @Vivo_India @BeingSalmanKhan Flushmi never accept her fault  Always bruh bruh  Uffff',b'YBhutanese',[],188,Thimphu
2/7/20 17:54,b'@ColorsTV @sidharth_shukla @imrealasim @Vivo_India @BeingSalmanKhan Stop this shit @ColorsTV   And  Complete the tash WTF',b'YBhutanese',[],188,Thimphu
2/7/20 17:33,b'Burning yourself with curlers top 2 worst pains possible',b'nlms1x',[],984,HA
2/7/20 16:58,b'@kristen_shilton Paul will be sending them the venmo request',b'iamcmac14',[],3,Ha
2/7/20 16:46,"b'#Coronavirus conspiracy theory: #Chinese #coronavirus strain has been artificially created, and that #US intelligence agencies or #American pharmaceutical companies are behind it. https://t.co/Dsydb7OZgX'",b'jamja79',"['Coronavirus', 'Chinese', 'coronavirus', 'US', 'American']",494,"Thimphu, Bhutan"
2/7/20 16:23,b'A Day in His Eminence\xe2\x80\x99s life https://t.co/3bo2b6GgJW https://t.co/GR8TssahuD',b'tsheridorji',[],213,"Thimphu, Bhutan"
2/7/20 16:16,b'@realhimanshi What a joke',b'Kezang18699253',[],2,"Thimphu, Bhutan"
2/7/20 16:04,"b""@AchuKhegpa Yes. Also, because interest rate is low doesn't mean bank should lend excessively regardless of the paying capacity of the people. Bank should also study and monitor the investment. Eg., release the loan based on the status of the project. Many things to see and improve.""",b'ChhedupSangay',[],923,"Thimphu, Bhutan"
2/7/20 16:00,"b'Artistic beauty awaits you at every corner in Bhutan. Unique and awe inspiring, here is one architectural standout that is a must see! . . . . . . #MyBhutanArt #MyBhutanArchitecture #Architecture #wanderlust #adventureseeker #doyoutravel #travelmore #goexplore #wonderfulplaces https://t.co/Xxb268D7JU'",b'MyBhutan',"['MyBhutanArt', 'MyBhutanArchitecture', 'Architecture', 'wanderlust', 'adventureseeker', 'doyoutravel', 'travelmore', 'goexplore', 'wonderfulplaces']",935,"Thimphu, Bhutan"
2/7/20 15:53,"b""@AchuKhegpa No, not grants at all.  We need to study how loans are accessed, and why poor people can't pay. If Bank think more interest rates means more profit for them, they also need to think non performance due to high interest means not getting their principal amount.""",b'ChhedupSangay',[],923,"Thimphu, Bhutan"
2/7/20 14:45,b'@verified Am I Eligible for Verification?',b'ugyen',[],136,"Thimphu, Bhutan"
2/7/20 14:45,"b'Last month, caution and confidence ruled the markets as prices surged, only to drop with the spread of the coronavirus. https://t.co/EufGtHeRic'",b'StratosWealthAG',[],46,Ha
2/7/20 14:35,b'@teaventi_ Hugs to you and hope you find peace.',b'samosa_sasta',[],25,Timbu
2/7/20 14:32,b'fave couple ft. fave song \xe2\x9d\xa4\xef\xb8\x8f miss u franco &amp; love u nam!! https://t.co/XUsOzARsgE',b'kylastronggg',[],434,ha?
2/7/20 14:21,"b'@Jack_Septic_Eye Happy Birthday, Sean!'",b'Sonam_Tshoks',[],12,"Thimphu, Bhutan"
2/7/20 13:57,"b'@BTSBish5 @BTS_twt YEAH! sorry im so late, it was good, anywhere is good though.. its definitely more on the side so you dont have a good frontal view of main stage but the runway and all that,, amazing! and you have the screens so dont worry, have fun!'",b'artisttae_',[],2169,ʰᵃ ʰᵃ
2/7/20 13:47,b'how do i approach someone like u?',b'encabsss',[],195,
2/7/20 13:44,b'cold nights and maoy sessions',b'encabsss',[],195,
2/7/20 13:42,b'Soon but not sure',b'magrata_ava',[],261,Ha
2/7/20 13:42,b'why did i like you again?',b'encabsss',[],195,
2/7/20 13:35,"b""why do i fall for a person who doesn't care? hmmmmmmmmmmmmmm""",b'encabsss',[],195,
2/7/20 13:34,b'i cant decide who.',b'encabsss',[],195,
2/7/20 13:01,b'Just posted a photo https://t.co/ao2LVZlZGP',b'NishnabeQue',[],382,Benny HA HA
2/7/20 12:49,b'this is the solution https://t.co/OpkIrt6iVo https://t.co/wATviCvX86',b'SyedSaa1',[],1376,thimphu bhutan
2/7/20 12:20,b'wHAT FUCKERY IS THIS??????',b'alyktred_',[],1356,ha
2/7/20 12:18,b'My name be like musically',b'_SophiaLucman',[],1243,Ha
2/7/20 11:43,"b'omg, i smell something fishy \xf0\x9f\xa4\xad'",b'kylastronggg',[],434,ha?
2/7/20 11:36,b'box out',b'clarkneriii',[],283,
2/7/20 11:31,b'Internal desires may be sacrificed for the sake of a loving re... More for Capricorn https://t.co/p6mL9a2MGB',b'yiwangpindarica',[],6938,"Thimphu, Bhutan"
2/7/20 11:04,"b'sabi ni father sa homily kanina, Christian without Christ is IAN.. I Am Nothing'",b'jchmmrii',[],75,ha? 
2/7/20 10:55,b'#China scientists identify #pangolin as possible #coronavirus host https://t.co/W0iKSwHUgc',b'jamja79',"['China', 'pangolin', 'coronavirus']",494,"Thimphu, Bhutan"
2/7/20 10:31,b'Cover pleaseee',b'tinnacartagena',[],116,🦈🦈
2/7/20 10:30,b'Air Ticket Quotation  https://t.co/fK47t0krKw',b'moafbhutan',[],410,"Thimphu, Bhutan"
2/7/20 10:28,b'@pinkycrayon hadirr',b'gataukemanaa',[],399,ha
2/7/20 10:20,b'@mmokjibba u too',b'gataukemanaa',[],399,ha
2/7/20 10:17,b'\xf0\x9d\x97\x96\xf0\x9d\x97\xae\xf0\x9d\x97\xb9\xf0\x9d\x97\xb9 \xf0\x9d\x97\xb3\xf0\x9d\x97\xbc\xf0\x9d\x97\xbf \xf0\x9d\x97\xa1\xf0\x9d\x97\xae\xf0\x9d\x98\x81\xf0\x9d\x98\x82\xf0\x9d\x97\xbf\xf0\x9d\x97\xb2 \xf0\x9d\x97\x9a\xf0\x9d\x98\x82\xf0\x9d\x97\xb6\xf0\x9d\x97\xb1\xf0\x9d\x97\xb2 \xf0\x9d\x97\xa7\xf0\x9d\x97\xbf\xf0\x9d\x97\xae\xf0\x9d\x97\xb6\xf0\x9d\x97\xbb\xf0\x9d\x97\xb6\xf0\x9d\x97\xbb\xf0\x9d\x97\xb4 There are 25 slots available for a month long Nature Guide Training to be held from 1st week of March 2020 in #Bumthang. Interested can apply on or before 26 February 2020. For details click here https://t.co/kupkTOqXVy',b'moafbhutan',['Bumthang'],410,"Thimphu, Bhutan"
2/7/20 10:14,b'Shortlisted candidates for Chief Forestry Officer  https://t.co/m14wmaZaKg',b'moafbhutan',[],410,"Thimphu, Bhutan"
2/7/20 10:13,b'Vacancy re-announcement for Specialist Head under Department of Agriculture https://t.co/I2C8mTNHsa',b'moafbhutan',[],410,"Thimphu, Bhutan"
2/7/20 10:11,b'The #DepartmentofAgriculturalMarketingandCooperatives has now a registered logo for \xf0\x9d\x97\x95 \xf0\x9d\x97\x96\xf0\x9d\x97\xa2-\xf0\x9d\x97\xa2\xf0\x9d\x97\xa3 (Bhutan Co-operative). All the shop operators are requested to use this standard logo on the B CO-OP shop signboards https://t.co/7MAHQhwzR4 https://t.co/p3OsyBU5YN',b'moafbhutan',['DepartmentofAgriculturalMarketingandCooperatives'],410,"Thimphu, Bhutan"
2/7/20 10:08,"b'This is to inform all that the Executive Order No. SEC/03/2019-2020/307 shall apply only to ex-country travel.  However, the in-country training, meetings and workshops can be conducted as planned while refraining any ex-country travel until further notice. https://t.co/Cc4dWotvOC'",b'moafbhutan',[],410,"Thimphu, Bhutan"
2/7/20 10:02,"b'Public notification on #\xf0\x9d\x97\x96\xf0\x9d\x97\xbc\xf0\x9d\x97\xbf\xf0\x9d\x97\xbc\xf0\x9d\x97\xbb\xf0\x9d\x97\xae\xf0\x9d\x98\x83\xf0\x9d\x97\xb6\xf0\x9d\x97\xbf\xf0\x9d\x98\x82\xf0\x9d\x98\x80  MoAF informs the general public not to import &amp; consume food items, especially raw meat, fresh fruits &amp; vegetables from unidentified sources across the border as the source of virus is not established https://t.co/1ZwVZ1pd6M'",b'moafbhutan',['𝗖𝗼𝗿𝗼𝗻𝗮𝘃𝗶𝗿𝘂𝘀'],410,"Thimphu, Bhutan"
2/7/20 9:48,b'@mksfess NITIP WEH',b'iloveturu',[],1848,Ha
2/7/20 9:27,b'Impeccable \xf0\x9f\x9a\x97',b'AlbanT10',[],469,ha
2/7/20 9:11,b'should go the entire fuck to sleep.',b'xtoastadox',[],232,Ha
2/7/20 9:04,b'red wine cider https://t.co/nTgIfbDcVh',b'SyedSaa1',[],1376,thimphu bhutan
2/7/20 8:46,"b""has questions that won't be answered for another seven hours. Confirmed: the Blowoff Valves were installed backwards.""",b'xtoastadox',[],232,Ha
2/7/20 8:38,b'i like coffee https://t.co/rR2gtA3wod https://t.co/nme81RoziG',b'SyedSaa1',[],1376,thimphu bhutan
2/7/20 8:32,b'Iconic https://t.co/U9mF2z5N1c',b'nlms1x',[],984,HA
2/7/20 8:30,b'I dreamt of moonwalking with Einstein.',b'sandeeps13',[],270,Thimphu.
2/7/20 8:02,b'You\xe2\x80\x99re drawn to mysteries today as Venus moves into your 8th H... More for Virgo https://t.co/ytH6jMhay1',b'czdorji',[],2216,"thimphu, bhutan"
2/7/20 8:01,b'You may overstep a boundary today in an effort to get closer t... More for Sagittarius https://t.co/FfKav1h4Nc',b'kintsho_bht',[],28,Thimphu
2/7/20 8:01,b'Your connections with others can give you some trouble when im... More for Taurus https://t.co/EECfQYA8HL',b'cixx67',[],1492,"Thimphu, Bhutan"
2/7/20 8:00,"b'Sensual stimulation is important to you now, and you may have ... More for Pisces https://t.co/uojyhA9mo8'",b'LobzangYeshey1',[],301,"Thimphu, Bhutan"
2/7/20 7:46,b'aint got no kinda texts coming in. Gonna do a lot of logistical work on Nibbler. Keep not texting me. Thank you.',b'xtoastadox',[],232,Ha
2/7/20 7:42,b'@florinpop1705 my colleague who is passionate in learning coding will definately love this course..',b'SonamCh96724371',[],9,"Thimphu, Bhutan"
2/7/20 7:34,"b'BBS Radio: ""Tourism Levy and Exemption Bill of Bhutan 2020"" https://t.co/nDqALVUNUB'",b'BBSBhutan',[],48158,Thimphu
2/7/20 7:26,"b'May all the sentient being blessed with happiness and harmony. \xf0\x9f\x99\x8f\xf0\x9f\x99\x8f\xf0\x9f\x99\x8f . . . #blessings #dairies #blessesd #happyplace #Thimphu #bhutan_ig #amazing_bhutan @ Thimphu, Bhutan https://t.co/tj0D2rso27'",b'Shachagyeltshen',"['blessings', 'dairies', 'blessesd', 'happyplace', 'Thimphu', 'bhutan_ig', 'amazing_bhutan']",124,Thimphu
2/7/20 7:23,b'This things calls me for some achievements in my life. What more happier can I be when some souls recognizes what little I genuinely expressed. That\xe2\x80\x99s is the human to human real connection that we are not separated fundamentally we are one. https://t.co/XcU0Jr78RI',b'pphurba',[],4,Thimphu Bhutan
2/7/20 7:22,b'I wish we knew when we were in the good days before the good days passed us by.',b'crackopenaDrew',[],32,The great white north baby 
2/7/20 7:16,b'@OscarAguilar1 I saved both of these and will be trolling women accordingly.',b'xtoastadox',[],232,Ha
2/7/20 6:34,b'Photo by Mahendra Timsina | The crested serpent eagle (Spilornis cheela) is a medium-sized bird of prey. It is found in forested habitats across tropical Asia.  #birding#birdwatching#wildlife#birds#incredible_earth#conserve/preserve_beautiful_earth #acholala_tours_and_travels https://t.co/rIlDlKQwfg',b'AcholalaT',['acholala_tours_and_travels'],9,Thimphu Bhutan 
2/7/20 6:31,b'Happy birth anniversary H Holiness Dungsey Garab Rinpochoe #FromBhutan \xf0\x9f\x87\xa7\xf0\x9f\x87\xb9 https://t.co/6jdBwMETDp',b'YBhutanese',['FromBhutan'],188,Thimphu
2/7/20 6:27,"b'BBS Radio: ""Continuous Formative Assessment System"" https://t.co/ZTG0Wm3JDb'",b'BBSBhutan',[],48158,Thimphu
2/7/20 6:24,b'@imsobyutipwol Trims aw',b'iloveturu',[],1848,Ha
2/7/20 6:18,b'Weirdo asf https://t.co/smYF0coiED',b'iloveturu',[],1848,Ha
2/7/20 5:50,b'@realhimanshi You\xe2\x80\x99re very lucky to be loved by someone like Asim. \xf0\x9f\x92\x95',b'bdorji',[],61,thimphu bhutan
2/7/20 5:39,"b'BBS Radio: ""Disucssion on PP Admission Age"" https://t.co/JWZLRABsLf'",b'BBSBhutan',[],48158,Thimphu
2/7/20 5:34,b'good morning  Manni. beautiful post https://t.co/t5IDUG4I1E https://t.co/2p92g6rg9d',b'SyedSaa1',[],1376,thimphu bhutan
2/7/20 4:59,b'@davidmhecht @academia @davidmhecht I see some truths in the conclusion drawn in the article.',b'pnamgyel',[],569,"Thimphu, BHUTAN."
2/7/20 4:48,"b'@pnamgyel @academia If I may asked, what are your reactions to the article Phuntsho?'",b'davidmhecht',[],416,"Thimphu, Bhutan"
2/7/20 4:41,"b'The research study says due to influence of donor countries, forest policy in Bhutan is top-down, disproportionately skewed towards conservation of nature at the cost human well-being.  Nature Conservation and Human Well-Being in Bhutan.  https://t.co/K8YmSafAhM via @academia'",b'pnamgyel',[],569,"Thimphu, BHUTAN."
2/7/20 4:38,b'@morningsbell Man Purse is actually about combating right wing extremism and solidarity among marginalized groups.',b'wharf_rs',[],7,ha
2/7/20 4:23,b'@RobloxBattles Am I eligible for Roblox Battles ?',b'uchiha_soma',[],4,"Thimphu, Bhutan"
2/7/20 4:03,"b'Vibrant colors, religious mask dances, ancient fort and historical temples. This week we are show casing the Punakha Tshechu. This adventure will give you the opportunity to dive deeper into Bhutanese culture and\xe2\x80\xa6 https://t.co/xrD1i6TZay'",b'bhutantravelers',[],62,Bhutan
2/7/20 3:49,b'@LisboKateReal Can you make a video on how to be a roblox youtuber ?',b'uchiha_soma',[],4,"Thimphu, Bhutan"
2/7/20 3:46,b'@KreekCraft Make a video on How you can be a roblox youtuber(guide).',b'uchiha_soma',[],4,"Thimphu, Bhutan"
2/7/20 3:44,b'@STRAWHAT_LUFFi Troll VG in your next video !',b'uchiha_soma',[],4,"Thimphu, Bhutan"
2/7/20 3:43,"b'@MyUsernamesThis Make a video about becoming a roblox youtuber (tutorial, tips and tricks kinda stuff)'",b'uchiha_soma',[],4,"Thimphu, Bhutan"
2/7/20 3:02,b'good morning \xda\x86\xd9\x88\xd8\xa6 \xd8\xb5\xd8\xa7\xd8\xa8 \xd8\xa7\xd9\x88\xda\xa9\xd8\xa7\xda\x91\xd9\x88\xdb\x8c  plz brush your beautiful teeth. have glass of milk thankyou https://t.co/zDHF3yrRRl https://t.co/pSDgHVJzNP',b'SyedSaa1',[],1376,thimphu bhutan
2/7/20 3:02,b'stopped paying attention to the show six episodes ago.',b'xtoastadox',[],232,Ha
2/7/20 2:14,b'Advance happy valentines @eryen_jii\xe2\x9d\xa4\xef\xb8\x8f https://t.co/iW9lcidwTW',b'marija_pie',[],248,ha
2/7/20 2:08,b'@devenxjames Mhmm. I had one last night. I will disclose the location of that flavor off app. You know how to reach me.',b'xtoastadox',[],232,Ha
2/7/20 2:07,b'Book your #Bhutantour with us  https://t.co/HPRKE1ogzP  #worldtourplan #traveltips #bhutantravelagency #bhutantourism #happinessisaplace #holidays #howtoreachbhutan #bhutantripplanner #bhutantravelagency #wtpBhutan #visitbhutan2020 #centenarypark https://t.co/wZ4wh8XMme',b'worldtourplan09',"['Bhutantour', 'worldtourplan', 'traveltips', 'bhutantravelagency', 'bhutantourism', 'happinessisaplace', 'holidays', 'howtoreachbhutan', 'bhutantripplanner', 'bhutantravelagency', 'wtpBhutan', 'visitbhutan2020', 'centenarypark']",197,"Thimphu,Bhutan"
2/7/20 1:56,b'old songs ft. twttr langs',b'kylastronggg',[],434,ha?
2/7/20 1:53,b'@devenxjames Smoothest taste. The Jalape\xc3\xb1o Strawberry aint about nothing.',b'xtoastadox',[],232,Ha
2/7/20 1:03,b'@holdthedecaf WHAT DO YOU THINK WE ARE GOING TO SAY DOCTOR?',b'xtoastadox',[],232,Ha
2/6/20 22:11,b'moira is hitting us again',b'jchmmrii',[],75,ha? 
2/6/20 21:59,b'Kmt there\xe2\x80\x99s 6 mins left',b'nlms1x',[],984,HA
2/6/20 21:56,b'@__kingJr Reals',b'nlms1x',[],984,HA
2/6/20 21:53,b'Demi is penger than Eva. No one can tell me otherwise',b'nlms1x',[],984,HA
2/6/20 21:44,b'Kmt the break',b'nlms1x',[],984,HA
2/6/20 21:41,b'Nah this is bare cute looooool',b'nlms1x',[],984,HA
2/6/20 21:39,b'Siamese looks nice today',b'nlms1x',[],984,HA
2/6/20 21:37,b'Shaughna is gonna pass out when she finds out',b'nlms1x',[],984,HA
2/6/20 21:00,b'I\xe2\x80\x99m ready for this episode',b'nlms1x',[],984,HA
2/6/20 20:54,b'@isawitfirst Paige xx',b'ellielairddx',[],5,ha
2/6/20 20:39,"b""this is why most akali mains' switching mains :&lt; https://t.co/fJ82FnINKm""",b'benjggwp',[],384,ha
2/6/20 20:37,"b""HIs name is Jigme, he's a Lammergeier! #oc #characterdesign #ArtistOnTwitter https://t.co/XfSMui5Y8F""",b'Caniiibal',"['oc', 'characterdesign', 'ArtistOnTwitter']",11,"Thimpu, Bhutan"
2/6/20 20:32,b'STILL THE BEST PLAYLIST https://t.co/d7jrl92VcB',b'benjggwp',[],384,ha
2/6/20 20:31,b'@ReinaaNatasha For real!!!!!',b'nlms1x',[],984,HA
2/6/20 20:23,b'Lateysha graces BBLs are horrendous',b'nlms1x',[],984,HA
2/6/20 20:21,"b'@ReaIMadridOnly Just madrid getting robbed, what\xe2\x80\x99s new?'",b'AngelCa78643157',[],139,ha
2/6/20 19:42,b'398 is the best bus ever. Why does it have to run every 30 mins',b'nlms1x',[],984,HA
2/6/20 18:35,"b""@jazrieeuperio Real besties wouldn't een do shit like this online""",b'ajhanee09',[],354,Ha
2/6/20 18:11,"b'A crescent bright moon And the late night mellows  A deep soothing slumber And the bygone tranquil moment  Astray wishful postulation A chimera of ones desire  #poet #poem #not_so_good_poet @ Paro, Bhutan https://t.co/aDgvTHM3Mj'",b'crubaboza',"['poet', 'poem', 'not_so_good_poet']",1267,"Ura, Bumthang, Bhutan"
2/6/20 18:08,b'@ColorsTV @Vivo_India @BeingSalmanKhan Fake !!!!!!',b'YBhutanese',[],188,Thimphu
2/6/20 18:05,b'@FightEdison Oh man.',b'xtoastadox',[],232,Ha
2/6/20 17:50,b'@ColorsTV @Vivo_India @BeingSalmanKhan That was good   Arti n fakenazz deserved more then that bb At first Paras played fair n good game  EVERY ACTION HAS OPPOSITE AND EQUAL REACTION',b'YBhutanese',[],188,Thimphu
2/6/20 17:45,b'Social Security has been a fact of retirement since 1935; how much do you really know about it? #SocialSecurity https://t.co/hhe6ZE8gmk',b'StratosWealthAG',['SocialSecurity'],46,Ha
2/6/20 17:42,b'@ColorsTV @TheRashamiDesai @Vivo_India @BeingSalmanKhan We didnt find that they must not take out their hands n all',b'YBhutanese',[],188,Thimphu
2/6/20 17:42,b'@ColorsTV @imrealasim @Vivo_India @BeingSalmanKhan Why bb is favouring Arti n Fakenazz',b'YBhutanese',[],188,Thimphu
2/6/20 17:38,b'@ColorsTV @Vivo_India @BeingSalmanKhan Bb13 is becoming boring at the end  Ufff',b'YBhutanese',[],188,Thimphu
2/6/20 17:38,b'@ColorsTV @Vivo_India @BeingSalmanKhan What the hacked ?  Even Arti n Sana took out their hands',b'YBhutanese',[],188,Thimphu
2/6/20 17:11,b'Live color fully...#colorful#virgo\xe2\x99\x8d\xef\xb8\x8f#mamaki#yolo\xe2\x9c\x8c https://t.co/UXMz0Optcn',b'KuenzangL',[],205,Thimphu
2/6/20 16:31,b'I need youu \xe2\x98\xb9\xef\xb8\x8f\xf0\x9f\xa5\xba',b'tinbolos',[],159,wp
2/6/20 16:19,"b'Gue oke, gue keren, gue happy https://t.co/FZSHK4fPGe'",b'iloveturu',[],1848,Ha
2/6/20 16:07,b'@StephenCorrySvl @WWF @Survival @Greenpeaceafric @greenpeaceindia @greenpeaceusa Thank you @StephenCorrySvl for the gift of the book. I have already started to read it. https://t.co/rLWHz2QbnL',b'pnamgyel',[],569,"Thimphu, BHUTAN."
2/6/20 16:01,"b""@jummits El Paso doesn't know what to do when it snows.""",b'xtoastadox',[],232,Ha
2/6/20 15:42,"b""if ever you're in my arms again this time I'll love you much better""",b'tinbolos',[],159,wp
2/6/20 15:30,b'Me crying at the corner of my room when they said this the simple nikah \xf0\x9f\x98\xad https://t.co/STt2SXLE9m',b'deerazif__',[],264,HA
2/6/20 15:23,b'THANKS https://t.co/6eYfh5mpk6 https://t.co/OzEEbo2aun',b'SyedSaa1',[],1376,thimphu bhutan
2/6/20 15:23,b'GOOD NIGHT SANDRA https://t.co/9I853BvEmk https://t.co/szd5DkXTmU',b'SyedSaa1',[],1376,thimphu bhutan
2/6/20 15:21,b'SO WE ARE FRIENDS IF YOU DONT MIND https://t.co/shOgeJX5Wp',b'SyedSaa1',[],1376,thimphu bhutan
2/6/20 14:59,b'don\xe2\x80\x99t even know what to feel',b'5almutairii',[],37,HA
2/6/20 14:18,b'@XelloKhan Hi som ting wong',b'iloveturu',[],1848,Ha
2/6/20 14:17,b'this shit hurts more than I\xe2\x80\x99m willing to admit.',b'conan_ph',[],1226,Ha?
2/6/20 14:10,b'@athyoursphere Trims to snapchat. And trims ya',b'iloveturu',[],1848,Ha
2/6/20 14:05,b'Trash',b'conan_ph',[],1226,Ha?
2/6/20 13:53,b'need you now//',b'kylastronggg',[],434,ha?
2/6/20 13:35,"b'A N D !.. In end the, all I learned was how to be strong  A L O N E. . . .  #traveldairies #destinations #ig_bhutan  #silhouette #adventuretime #sunset @ Thimphu, Bhutan https://t.co/qrYMHErP6h'",b'Shachagyeltshen',"['traveldairies', 'destinations', 'ig_bhutan', 'silhouette', 'adventuretime', 'sunset']",124,Thimphu
2/6/20 13:29,b'awts',b'kylastronggg',[],434,ha?
2/6/20 13:29,b'ANNOUNCEMENT FOR ADMISSION TO IN-SERVICE https://t.co/o9fqNAq0sr IN NURSING AND MIDWIFERY &amp; https://t.co/o9fqNAq0sr IN PUBLIC HEALTH 2020\xc2\xa0INTAKE https://t.co/MB6Dx7bkgu',b'umsb123',[],46,"Thimphu, Bhutan"
2/6/20 13:25,b'@nicole_suelan Welcome nix',b'ninooomiguel',[],171,ha?
2/6/20 13:09,b'beauties in Saree https://t.co/u7W1vRUPuA',b'SyedSaa1',[],1376,thimphu bhutan
2/6/20 12:28,b'@ryanpeleppp sure oy',b'haaaaii',[],315,ha
2/6/20 12:28,b'@ryanpeleppp u my daddy sugar',b'haaaaii',[],315,ha
2/6/20 12:28,"b'I want sugar daddy to fulfill all my needs, pm me asap'",b'haaaaii',[],315,ha
2/6/20 12:24,b'hit that Cooking Dance like my last name Mahomes.',b'xtoastadox',[],232,Ha
2/6/20 12:13,b'actually cut my face open with a Milwaukee boxcutter in Lubbock that one time. #OntheDeadMoose.',b'xtoastadox',['OntheDeadMoose'],232,Ha
2/6/20 12:11,b'based my humor on the guidance of a dead Sailor.',b'xtoastadox',[],232,Ha
2/6/20 12:06,b'@JanVertonghen will always be my favourite Spurs defender. Legend! #coys #thfc',b'Tobgay333',"['coys', 'thfc']",34,"Thimphu ,Bhutan"
2/6/20 12:03,b'@camvillarta sorry',b'kylastronggg',[],434,ha?
2/6/20 12:00,b'no longer does retainer work.',b'xtoastadox',[],232,Ha
2/6/20 11:49,"b""can't openly say my vote is for sale, but there's a reason my cashapp is in the Bio.""",b'xtoastadox',[],232,Ha
2/6/20 11:43,b'set an alarm for 0545. Not sure why. What does it mean to use Duct Tape instead of laces for my Doc Martens?',b'xtoastadox',[],232,Ha
2/6/20 11:38,b'has been stood up twice by a girl I was interested in dating. I should cut my hair.',b'xtoastadox',[],232,Ha
2/6/20 11:37,b'was recently asked if I was married happily with two children.',b'xtoastadox',[],232,Ha
2/6/20 11:31,b'You have a strong need for communication and clarification in ... More for Capricorn https://t.co/p6mL9a2MGB',b'yiwangpindarica',[],6938,"Thimphu, Bhutan"
2/6/20 11:17,"b'@LisboKateReal I need some robux, Kate.  Roblox username: XGamer_Lgnd11'",b'uchiha_soma',[],4,"Thimphu, Bhutan"
2/6/20 10:58,b'tbh way lami',b'jhatesyu',[],0,
2/6/20 10:50,"b""xu can't relate https://t.co/Gaj1W6GVAI""",b'_SophiaLucman',[],1243,Ha
2/6/20 10:47,"b""#India's central bank holds steady, seeks to balance growth and #inflation... https://t.co/YPx9e2iZEs""",b'jamja79',"['India', 'inflation']",494,"Thimphu, Bhutan"
2/6/20 10:37,"b'Thursday Special Blessings from Thimphu Dechenphug Lhakhang, House of Local Deity Ap Gaynyen for the Well Being of All Sentient Beings\xf0\x9f\x99\x8f\xf0\x9f\x99\x8f\xf0\x9f\x99\x8f #bhutan #thursdayspecialblessings #thursdayspecial #thimphu\xe2\x80\xa6 https://t.co/Udnxm1VDK0'",b'bhutan_majestic',"['bhutan', 'thursdayspecialblessings', 'thursdayspecial', 'thimphu']",1134,"Thimphu, Bhutan"
2/6/20 10:27,b'@ArvindKejriwal Someone sent me https://t.co/cngTMRS5NR',b'SinBangal',[],6,Thimphu 
2/6/20 10:17,"b'I met Mr.Sergey Kapinos,Regional Rep.of the UNODC based in New Delhi,India yesterday.We had meaningful discussions on further strengthening partnership between Bhutan and UNODC in areas of combating Trafficking in Persons and Elimination of Drugs and Gender based violence. https://t.co/e0zZUazs7E'",b'FMBhutan',[],2264,"Thimphu, Bhutan"
2/6/20 10:05,b'Well https://t.co/jUlTgU5A1W',b'ninooomiguel',[],171,ha?
2/6/20 10:03,"b""@TheTweetJesus I'm Straight""",b'GraceWhite2353',[],12,hA
2/6/20 9:56,b'@hhariri @meilalina Thank you :)',b'cege79',[],23,Thimphu
2/6/20 9:01,"b'@azizkavish Look at her body language. Yeh hai Modiji ki warrior, lolwa!'",b'samosa_sasta',[],25,Timbu
2/6/20 8:58,b'Sad hapon everyone ~ https://t.co/9hhfNuxLhm',b'fruitatas',[],71,ha?
2/6/20 8:52,"b'@narendramodi177 @gunjakapoor @DelhiPolice Yes, welcome back from the border, lolwa'",b'samosa_sasta',[],25,Timbu
2/6/20 8:49,"b'#GunjaKapoor you look sick, girl. Eat some protein? https://t.co/SacNjFeb5R'",b'samosa_sasta',['GunjaKapoor'],25,Timbu
2/6/20 8:47,b'have soup with me https://t.co/n55uJUDPsD https://t.co/ki24y29geo',b'SyedSaa1',[],1376,thimphu bhutan
2/6/20 8:19,b'I said the same. Still in bed https://t.co/iDzoTRz1pO',b'nlms1x',[],984,HA
2/6/20 8:14,"b'Happiness is a butterfly, butterfly is kontol'",b'iloveturu',[],1848,Ha
2/6/20 8:13,b'@TirekLucu @bahasrl Plis',b'iloveturu',[],1848,Ha
2/6/20 8:02,b'This is a day for connection and creativity. You want to be fr... More for Virgo https://t.co/ytH6jMhay1',b'czdorji',[],2216,"thimphu, bhutan"
2/6/20 8:01,b'The Moon in your 8th House of Regeneration encourages you to m... More for Sagittarius https://t.co/FfKav1h4Nc',b'kintsho_bht',[],28,Thimphu
2/6/20 8:01,b'Circumstances today will require a more rational approach to p... More for Taurus https://t.co/EECfQYA8HL',b'cixx67',[],1492,"Thimphu, Bhutan"
2/6/20 8:00,b'It\xe2\x80\x99s a challenge to maintain boundaries with others today beca... More for Pisces https://t.co/uojyhA9mo8',b'LobzangYeshey1',[],301,"Thimphu, Bhutan"
2/6/20 7:34,"b'Communication efforts at its best -(Honest, Clear,Technically sound &amp; Consistent) is what we need from leadership,at such times of public fear &amp; confusion. Do listen: Talkshow with Her Excellency Lyonpo Dechen Wangmo on Coronavirus https://t.co/aHHbZsQVXh via @YouTube'",b'czdorji',[],2216,"thimphu, bhutan"
2/6/20 7:26,"b'Travelling to Bhutan is never easy, but it will be a trip to remember! Karen travelled with us during the low season and loved every moment of it as it became totally off the beaten route with lots of special\xe2\x80\xa6 https://t.co/MlFOZeArkj'",b'SwotahTravel',[],527,Nepal
2/6/20 6:43,b'The three most precious jewels in the entire world. \xf0\x9f\x99\x8f\xf0\x9f\x99\x8f\xf0\x9f\x99\x8f https://t.co/zKdLqcaBRJ',b'SherabNamgay1',[],37,Thimphu Bhutan
2/6/20 6:25,b'@jummits It did last night.',b'xtoastadox',[],232,Ha
2/6/20 6:18,b'#corononavirus is not as dangerous as #SARS and #MERS were at least in terms of fatality rate. https://t.co/lw8PUooSdi',b'jamja79',"['corononavirus', 'SARS', 'MERS']",494,"Thimphu, Bhutan"